timestamp,ros_time(in sec),robot_pos_x(in meters),robot_pos_y(in meters),robot_pos_th(in deg),robot_lin_vel_x(in m/s),robot_ang_vel_z(in deg/s),person1_pos_x(in meters),person1_pos_y(in meters),person1_pos_th(in deg),person2_pos_x(in meters),person2_pos_y(in meters),person2_pos_th(in deg),person3_pos_x(in meters),person3_pos_y(in meters),person3_pos_th(in deg),person4_pos_x(in meters),person4_pos_y(in meters),person4_pos_th(in deg),person5_pos_x(in meters),person5_pos_y(in meters),person5_pos_th(in deg),person6_pos_x(in meters),person6_pos_y(in meters),person6_pos_th(in deg),person7_pos_x(in meters),person7_pos_y(in meters),person7_pos_th(in deg),person8_pos_x(in meters),person8_pos_y(in meters),person8_pos_th(in deg),person9_pos_x(in meters),person9_pos_y(in meters),person9_pos_th(in deg),person10_pos_x(in meters),person10_pos_y(in meters),person10_pos_th(in deg),person11_pos_x(in meters),person11_pos_y(in meters),person11_pos_th(in deg),person12_pos_x(in meters),person12_pos_y(in meters),person12_pos_th(in deg),person13_pos_x(in meters),person13_pos_y(in meters),person13_pos_th(in deg),person14_pos_x(in meters),person14_pos_y(in meters),person14_pos_th(in deg),person15_pos_x(in meters),person15_pos_y(in meters),person15_pos_th(in deg),person16_pos_x(in meters),person16_pos_y(in meters),person16_pos_th(in deg),person17_pos_x(in meters),person17_pos_y(in meters),person17_pos_th(in deg),person18_pos_x(in meters),person18_pos_y(in meters),person18_pos_th(in deg),person19_pos_x(in meters),person19_pos_y(in meters),person19_pos_th(in deg),person20_pos_x(in meters),person20_pos_y(in meters),person20_pos_th(in deg),laser scan data
1657892383,1,-3.1614563209548248e-06,4.078355884216166e-09,-0.00279073540409,0.0001663196810225644,0.046214325893673726,6.987830903017833,8.216024869656904,0.9945253133773804,-8.190097736818906,6.925408277337437,-0.7643402218818665,-7.213224332779601,-8.025892270506613,-0.007170282769948244,8.196279006066142,-6.899971272342712,0.6438332200050354,1.3917763065999085,8.107179036712694,0.04044362157583237,6.722725035182479,7.120665846186239,0.9997141361236572,-7.15952813124516,7.032318633692978,-0.7541735172271729,-6.130492200130652,-7.894509153781912,0.03505115583539009,7.152461525363605,-7.29513144906767,0.6395915746688843,-0.8544505557699796,-8.093840749243283,0.9971854090690613,7.379051531065673,6.130485205103955,0.9974251985549927,-6.142309697678914,7.2313835483656,-0.7548217177391052,-7.086271611821532,-6.1575471703912745,-0.07396923750638962,6.1321217729333375,-6.961858742532691,0.6701460480690002,8.082842405503726,-1.0898679938725133,-0.6845114827156067,7.989812429552421,5.961964465298707,0.933432936668396,-5.774651213280966,8.04793058919625,0.941397488117218,-5.565705489354078,-8.448238842712101,-0.3210476338863373,5.773074082656273,-8.043366169057535,0.34927797317504883,-8.080846229963912,0.7609562294285349,0.744097113609314,inf
1657892384,1,-4.3121842694029365e-06,4.354378309458926e-09,-0.00368868735629,2.215673637691042e-05,0.005236746352920123,6.890410750323496,8.236928807917723,0.994379997253418,-8.207729259691538,6.822417166571238,-0.7644894123077393,-7.131377160322467,-8.02767804463788,-0.012208220548927784,8.2142707033965,-6.796945290707051,0.6432485580444336,1.5151990494246603,8.1175477039028,0.04226978123188019,6.602046987252286,7.126100900980272,0.9997568130493164,-7.172514150250058,6.937444721117227,-0.7533276081085205,-6.041410308677752,-7.887609628713022,0.0398305207490921,7.165733837601548,-7.2225900748077025,0.6405597925186157,-0.9291138310518603,-8.105519249622793,0.996931791305542,7.314337142540173,6.139070922970337,0.9979608654975891,-6.152966842897685,7.154907021620454,-0.7541742324829102,-6.994422907977505,-6.170890240198803,-0.07149110734462738,6.142363215142854,-6.862854787938108,0.6695803999900818,8.08925792137361,-1.1872842486882993,-0.6831409931182861,7.926471196009197,6.0117248634518115,0.9483334422111511,-5.822201493934411,8.000292770696486,0.9178781509399414,-5.507804652225529,-8.483499232955321,-0.2566557824611664,5.816813352093392,-7.995708054628107,0.4184131920337677,-8.088129907455256,0.8291924674755511,0.7435384392738342,inf
1657892390,1,-1.7983291419056228e-06,4.37884910712374e-09,-0.00228783878215,0.00016005250906261397,0.08067070765768143,6.743399297589304,8.26921112461229,0.9940416216850281,-8.234537705151753,6.666917045203401,-0.7650231719017029,-7.005819645326088,-8.032122176082225,-0.020391153171658516,8.241828230583797,-6.641791622705905,0.6417670845985413,1.701394245276503,8.13349964696151,0.04264117404818535,6.418655976453719,7.133599883797692,0.9998063445091248,-7.191909430139997,6.792705115921307,-0.7522578239440918,-5.9066569107920435,-7.875957853533111,0.04403992369771004,7.185694279408236,-7.111244079598908,0.6423445343971252,-1.0398511716606362,-8.123575259348394,0.9966496825218201,7.217001192163445,6.149750116264793,0.9987581968307495,-6.169273316070349,7.0359790956906,-0.7533236742019653,-6.8543979062854925,-6.190521939359604,-0.06874478608369827,6.15837353642556,-6.711827653439687,0.6683905124664307,8.099483933411065,-1.3331247366730925,-0.6813743114471436,7.824889873193149,6.078868733678246,0.9613009095191956,-5.885281612602688,7.917841012985145,0.8861518502235413,-5.3974477892787025,-8.534783952577468,-0.19963011145591736,5.8728573559593915,-7.912043955857331,0.49314743280410767,-8.099058892892662,0.9314740193613998,0.7442257404327393,inf
1657892401,2,-4.731730233794898e-06,5.716042186640022e-09,-0.00353318003063,-0.0004541798057552833,-0.15154439541227135,6.059008421287603,8.438848632273254,0.9912434220314026,-8.366794618036044,5.945048093252443,-0.7720932364463806,-6.393287617249263,-8.070303860282946,-0.03353356197476387,8.383178416476495,-5.92551044598851,0.6271049380302429,2.58745436562723,8.192493067496523,0.021274251863360405,5.5375117138338625,7.163284336043204,0.9998522996902466,-7.27892182009633,6.0973789913385925,-0.7473865747451782,-5.261676065206635,-7.829356841723463,0.032733041793107986,7.269304530251201,-6.5725936272372225,0.6591079235076904,-1.5215963465680404,-8.20904875750161,0.995603621006012,6.76053311743493,6.166179165605213,0.9999939203262329,-6.243112092331041,6.440615045830822,-0.7450602650642395,-6.18106173511082,-6.277526059195099,-0.06080763414502144,6.242103052327944,-5.984700123568844,0.6625357866287231,8.149469814175632,-1.9964131263233162,-0.6806723475456238,7.293196754441719,6.345909293762561,0.9782071709632874,-6.097944668578314,7.4274367386896305,-0.809173583984375,-4.698326386437948,-8.728847367536044,-0.10938350111246109,6.051336883845359,-7.404369111602369,0.61317378282547,-8.153637412997778,1.3991971819923028,0.7485554814338684,inf
1657892413,3,2.8201030824652443e-08,7.218318163232437e-09,-0.000248188608837,0.00010950260537114843,0.10446388168927054,4.726977999115186,8.722101417771697,0.9988018870353699,-8.66054755560668,4.760137920464399,-0.8000832200050354,-5.303386378834623,-8.10029286357529,0.012250810861587524,8.692723793411645,-4.67341297159888,0.6241912841796875,4.320480803536731,8.222272359694587,0.01826333999633789,3.9385729477897207,7.2719468080644445,0.9988605976104736,-7.375848806790304,4.8139823925349825,-0.7208474278450012,-4.103503664187471,-7.743901202846149,0.02990981563925743,7.346100522495416,-5.560997931135426,0.6942120790481567,-2.2903900079463475,-8.392177035404009,0.9890387654304504,5.948541638279835,6.161666079175756,0.9994632005691528,-6.34011986905046,5.337587004978804,-0.7325563430786133,-4.965425797723753,-6.418773430546988,-0.05791755020618439,6.410383210687679,-4.674637380556452,0.6615326404571533,8.214617883756265,-3.1165261694553825,-0.6870949268341064,6.01619049583756,6.778429200130985,0.9919803738594055,-6.372724698615692,6.394040799182237,-0.7848749756813049,-3.233078654067698,-8.998516001705358,-0.05836492404341698,6.262412222728342,-6.356024239935895,0.6434375643730164,-8.260667624427326,2.159188722852289,0.7569435834884644,inf
1657892426,4,-1.5709234019132884e-06,8.842580807605673e-09,-0.00163045028613,8.831595324461082e-05,0.08895626887985694,3.2205230144741788,8.784516274891045,0.9999509453773499,-8.952070301621736,3.5402187491602484,-0.7481536865234375,-4.201105210112273,-8.04949786609158,0.0055496725253760815,8.827211144092825,-3.291959166130272,0.6992517113685608,5.983934922279067,8.14287584127316,-0.3272112309932709,2.3428675720216363,7.4235223066130365,0.9990715980529785,-7.438573504901489,3.5102439608088223,-0.7349133491516113,-2.945045960665077,-7.793187170105885,-0.06253641098737717,7.430462288331468,-4.469329291655066,0.6654775738716125,-3.2353678550663205,-8.644178906798343,0.9970337152481079,5.179801747704461,6.293057461084187,0.9934854507446289,-6.4358458137403005,4.234425200325555,-0.7454129457473755,-3.731465353055951,-6.546733392778473,-0.03851473331451416,6.570663606506671,-3.363747913920244,0.6633267402648926,8.313477239403522,-4.37845739769137,-0.6806463599205017,4.397131869477305,7.082771923817828,0.997533917427063,-6.61088461260015,5.306941754471867,-0.7769572138786316,-1.6384045561478575,-9.040779240727256,0.0037763272412121296,6.456211369358858,-5.274015016986226,0.6389276385307312,-8.336739761070433,2.9846793005379015,0.7306995391845703,inf
1657892439,5,0.14034362380826673,0.007420352003270766,6.35945816321,0.3997499197977464,19.733533578700364,1.747602180662045,8.837672845743551,0.9997541308403015,-8.990590887722657,2.246942484593452,-0.6971791386604309,-3.0254712054459563,-8.09564580896949,-0.03126060590147972,8.841484289364,-1.8457626055194263,0.7016118764877319,6.561548614763462,6.7364860625778995,-0.6229038238525391,0.7424529760868982,7.550491213465209,0.999296247959137,-7.5150309797572925,2.2059994334495796,-0.7139285206794739,-1.7994217664508487,-7.982265520810665,-0.09752499312162399,7.547900564582319,-3.3789715962659734,0.669249415397644,-4.343287275472509,-8.685292196876746,0.9999501705169678,4.393295683798141,6.483623422848696,0.9937989115715027,-6.558573438208796,3.133903031400402,-0.7379319667816162,-2.4439884844131465,-6.653844167076516,-0.04989307001233101,6.731000318403599,-2.0750968684491307,0.6580691933631897,8.355574958748933,-5.741781146102211,-0.8080395460128784,2.7016568344633733,7.254232019504049,0.9991781711578369,-6.8527479527525506,4.19845054562972,-0.7756377458572388,-0.00447873763934957,-9.01681819006512,0.011462896130979061,6.662132962338905,-4.183156194184998,0.6308720111846924,-8.387667676094052,3.9740483366851036,0.7197871804237366,inf
1657892453,6,0.5242454548948886,0.11006529314399525,23.2304939146,0.40079046276083613,16.835127564035798,0.28809141133059324,8.896784553616623,0.9998674988746643,-8.942326802227253,0.9676277032800247,-0.6989551782608032,-1.8426420916983413,-8.176823846316255,-0.037737853825092316,8.87180128040362,-0.38894988611498277,0.6999102234840393,6.868407197888836,5.063750047578958,-0.6473919749259949,-0.8584142334942932,7.671695721099289,0.9992319345474243,-7.528246650344125,0.899331127372963,-0.7157747149467468,-0.6598314185283143,-8.205835565891526,-0.08904559910297394,7.700854011819285,-2.29315479382116,0.6463862061500549,-5.4813958391147235,-8.646862096812374,0.9998199939727783,3.5947736010030544,6.651637172522588,0.9951150417327881,-6.6362722288578855,2.029267580209505,-0.7283746004104614,-1.1607117127637432,-6.791826905083789,-0.05594545975327492,6.88281394006192,-0.8493730041365672,0.6732097268104553,7.380395676371511,-6.2868521597735745,0.9949642419815063,1.040213222103588,7.392415968381427,0.9989577531814575,-7.096933665086347,3.059757762119853,-0.7847694754600525,1.628328510192007,-8.9739073691636,0.018245598301291466,6.9031337093550045,-3.1017661355635666,0.6245649456977844,-8.422490548975972,4.971384579773768,0.7204447388648987,inf
1657892464,7,0.8669629439149302,0.3141259926901102,34.8969109862,0.38228931756197354,0.06634022085778368,-1.1786932064084186,8.937575243255768,0.9998713135719299,-8.938428622363741,-0.30794322676391456,-0.7113212943077087,-0.6621282785166407,-8.247579938069064,-0.018165219575166702,8.872959868900587,1.0548463131217773,0.7164477109909058,7.171994388472837,3.517651831267669,-0.6162347197532654,-2.4569531842602466,7.813284506894927,0.9982592463493347,-7.58104319142057,-0.40632175614219695,-0.7271585464477539,0.48457365577960193,-8.403430191095081,-0.0855427235364914,7.929294709346845,-1.2212986859971287,0.5985342860221863,-6.08834357176396,-8.012433818437703,0.8084356188774109,2.7941084680343495,6.809167580954129,0.99535071849823,-6.711637782933621,0.9244594769539263,-0.7348102331161499,0.113378577043453,-6.989629233413103,-0.09163220226764679,6.938588384767943,0.28701669630785315,0.7020426988601685,6.0514624642693695,-6.424377726638705,0.9995272159576416,-0.5863367074589626,7.547172300101904,0.9989107847213745,-7.386164807606265,1.8897201722835466,-0.7855105996131897,3.27432175652634,-8.873011475255375,0.03964961692690849,7.114078897149716,-2.022697173396603,0.6616902947425842,-8.311634703070215,5.834877471636373,0.3620944321155548,inf
1657892477,8,0.9841675417834602,0.39623092900523504,34.9619098376,0.3715076693728337,-0.6016566437851201,-2.654493876091018,8.995217554067246,0.9998023509979248,-8.959706570252854,-1.5716901089653779,-0.7126919627189636,0.4878538112629551,-8.277248419737445,-0.011392868123948574,8.799424495243898,2.510225756314202,0.726237952709198,7.523841602219556,2.03953145944815,-0.6378815174102783,-4.04692873556093,8.035472911064634,0.9976383447647095,-7.679839399610958,-1.709292874340759,-0.7373823523521423,1.629984868904374,-8.595023484301203,-0.07783401012420654,8.269394418702808,-0.19790358616531092,0.588029682636261,-6.2813898281454055,-7.001279660413415,0.7420444488525391,1.9935082272797668,6.9658166281037746,0.995895266532898,-6.828095337665787,-0.17664143980529276,-0.751205563545227,1.3816474191223291,-7.236005627016696,-0.09301434457302094,6.97712890107841,1.4879043890194572,0.6666727066040039,4.714275565885151,-6.46646211877211,0.9999998807907104,-2.26817051918685,7.701406036799036,0.9991070628166199,-7.653747941775359,0.7192182497065138,-0.7803332805633545,4.921075454709843,-8.74267180044546,0.03503324091434479,7.154884343704071,-0.9170412076298289,0.7112855911254883,-7.552913695705546,6.083738082295452,0.08916564285755157,inf
1657892489,9,1.2645082304304769,0.5923327191173544,35.0190459707,0.32569894945656547,-0.5358643149127876,-4.112170736324249,9.02888776470285,0.9999999403953552,-8.975120474642523,-2.832148617826052,-0.7101600766181946,1.6352554893833562,-8.288162447465456,0.004513762891292572,8.733170705613277,3.9689679835773006,0.7213745713233948,7.808765508196604,0.3042649746800977,-0.6608082056045532,-5.636369392913092,8.224396380905505,0.9999440908432007,-7.788880931955594,-3.0114805008735437,-0.7323735952377319,2.779625742488442,-8.754478319571776,-0.05943186953663826,8.478188198342961,0.8748436049715651,0.6707167029380798,-6.334243343983952,-5.967802213697906,0.718859076499939,1.198390687116212,7.1158968294694915,0.9938333034515381,-6.990558240862201,-1.2675449931325207,-0.7635806798934937,2.6594046700494323,-7.424399668409498,-0.0531964972615242,7.196325166931565,2.761412105648018,0.6335503458976746,3.315932583874716,-6.519711991427911,0.9987438917160034,-3.9666387150811793,7.816589846454018,0.9997205138206482,-7.909086775401169,-0.4853471238662542,-0.773154079914093,6.156668859305601,-8.175643867864913,0.5165966749191284,7.2031041669158595,0.26494917130659784,0.6769641637802124,-6.653139764883865,6.25005532508531,0.10239612311124802,inf
1657892502,10,1.5890228546620397,0.8217926698129167,36.602562368,0.4000082131162764,4.594538450097326,-5.536726378421096,9.020680148676739,0.9999793171882629,-8.974501923478499,-4.065891372745634,-0.7036831974983215,2.8324557041343374,-8.27086477702547,0.005645625293254852,8.669092651981284,5.427814293623652,0.7242814898490906,8.065145580440944,-1.514026677111007,-0.6516591906547546,-6.420384855423554,7.2378914578561355,-0.7899108529090881,-7.863682954065215,-4.316066713108372,-0.7245786786079407,3.929211395422937,-8.870943098657301,-0.04432319849729538,8.59544028214681,1.9651726923241797,0.6602871417999268,-6.360087601208259,-4.9374851081147275,0.7152369618415833,0.4121220021764356,7.307690422596163,0.9927741289138794,-7.180976150752753,-2.3397419767666023,-0.7659965753555298,3.944665690000297,-7.5559577704270495,-0.0546233095228672,7.453889533710467,3.9661614252565016,0.6265395879745483,1.8928443861554318,-6.724458580636518,0.9964326024055481,-5.647593707264443,7.910325162777703,0.9997826218605042,-8.150626415059257,-1.7045785959876014,-0.7719489336013794,6.596194864136395,-6.733804866777057,0.6224036812782288,7.320466559532555,1.5168727209270567,0.6692435145378113,-5.74091364792088,6.489577582806651,0.14533528685569763,inf
1657892515,11,1.900280817188779,1.0729108807925292,41.1915940112,0.3996340173920699,4.574199366292247,-6.273999661916763,8.165109989846075,-0.7985016703605652,-8.959061474681945,-5.276738896354345,-0.7022347450256348,4.022006607635953,-8.256561847014789,0.008243026211857796,7.84378324750605,6.284242536782637,0.9867530465126038,8.357315081319255,-3.340144628773484,-0.6445803046226501,-6.661328871813114,5.711651522090928,-0.7502210140228271,-7.932971924598698,-5.617846624178181,-0.6972590088844299,5.0466417973099675,-8.971445222100519,-0.04631435126066208,8.728878853939833,3.053628397708663,0.6719968914985657,-6.422189397895443,-3.8525749660790622,0.7384487390518188,-0.36186974884746426,7.507542792934608,0.9906206727027893,-7.329889586141829,-3.43289883721115,-0.7396656274795532,5.226972271058185,-7.713495891689982,-0.06777076423168182,7.737560539406386,5.143206068575449,0.6167266368865967,0.47513270926677936,-6.964992687349334,0.9970037341117859,-6.4425567299931465,6.892768198695172,-0.8030849695205688,-8.362216157627563,-2.9345847232544715,-0.7560436725616455,6.927123544314556,-5.170546437199002,0.6357793807983398,7.456175498975389,2.775440941446301,0.6710359454154968,-4.805933505677303,6.771220075103432,0.13959339261054993,7.400930881500244
1657892529,12,2.1946699834997285,1.3437155396572342,43.4745950874,0.3999825010171599,1.5598683998777039,-6.553022264387144,6.747049288610351,-0.7620134949684143,-8.410462865456408,-6.158446030120346,-0.2394850105047226,5.175257082165823,-8.194913587161405,0.10630103945732117,6.431153023968427,6.574151324108796,0.997033953666687,8.62946966264289,-5.153070893165076,-0.6809880137443542,-6.869670847092535,4.126111532607767,-0.7560728192329407,-7.136491656874868,-6.258091974720491,-0.12413876503705978,5.950921018615001,-8.888824033315421,0.28446540236473083,8.819887234902156,4.142724203027911,0.6755728125572205,-6.537435199239278,-2.7878512573802308,0.7510349750518799,-1.0796553237979782,7.739006058991793,0.9846834540367126,-7.421705360592027,-4.438563123750629,-0.741259753704071,6.171925490196516,-7.393711678741366,0.4994954466819763,7.53804056276632,6.1184445008583435,0.9600399136543274,-0.9098638145411496,-7.172576512336977,0.9959854483604431,-6.801604392541839,5.370260565677339,-0.7758241295814514,-8.537422075377942,-4.164810827913855,-0.7554249167442322,7.218919749489672,-3.574352552688582,0.6425760984420776,7.587259050314034,4.034442740504409,0.6629825234413147,-3.9450842905608323,6.99258277629209,0.10940922796726227,6.857391834259033
1657892541,13,2.481131210777617,1.6228410047688562,45.0358107902,0.3999915145772582,1.541320478253744,-6.786177554238761,5.322159079386127,-0.7638976573944092,-7.227820803550776,-6.492549414613297,-0.07795239239931107,5.958504207569735,-7.480513921511832,0.5583122968673706,4.984418040415562,6.771735977671593,0.9983038902282715,8.721501562624095,-5.457561861964617,0.6583642363548279,-7.127428393275625,2.5481717257811156,-0.7660650014877319,-5.8915858422546385,-6.416846369888163,-0.04610254243016243,6.344590564506543,-8.336515329465684,0.5647597312927246,8.905195429305483,5.196502355435194,0.6837238073348999,-6.622699926797786,-1.8459338855198835,0.7121676206588745,-1.7980431005018147,8.011523027939782,0.9860851168632507,-7.552152533206451,-5.396402853031184,-0.7658171057701111,6.607348613499521,-6.282189531994955,0.5962377786636353,6.391852696059468,6.514517137183744,0.9938021898269653,-2.2083579417294117,-7.515162130681902,0.9902627468109131,-7.129157497837056,3.791067816179543,-0.7767561674118042,-8.68866095660472,-5.40820715799751,-0.7420517206192017,7.492098733679111,-1.9420890860479398,0.6502087712287903,7.731541339296706,5.292048974281306,0.6681251525878906,-3.1121278923882656,7.176739625615373,0.12767353653907776,inf
1657892554,14,2.7600794594370868,1.9095122880494142,46.3149897146,0.3999868663573381,0.0012473321288699144,-7.041752400352674,3.877162720345069,-0.768349826335907,-5.965853774962115,-6.656296916345047,-0.06915078312158585,6.396740755620714,-6.32037303042006,0.5715696811676025,3.537251695667777,6.920633393628074,0.9989015460014343,8.85931059037642,-3.8541721173653976,0.6884034872055054,-7.391204652838436,0.965617249005256,-0.7534299492835999,-4.593121916455053,-6.55646776077974,-0.05972650274634361,6.66120317567829,-7.399255154427005,0.5855767726898193,8.614541422032424,5.999499423809573,0.959809422492981,-6.5848126287964375,-0.9169872600390212,0.6921640038490295,-2.5931371893817152,8.186797686096032,0.9982421398162842,-7.201414558399799,-5.986433058713536,-0.10146217048168182,6.960936371825045,-5.0749083865990166,0.6033414006233215,5.114050185585332,6.732524869774604,0.9977706074714661,-3.542482419621024,-7.880635007361169,0.992062509059906,-7.466242029467815,2.1943666867854015,-0.7750123739242554,-8.251095989468054,-6.187891017141784,-0.2161138951778412,7.698986510021785,-0.3042210707113663,0.6748203039169312,7.325381845556147,6.185886234326676,0.9702892303466797,-2.251473612994892,7.493738681232692,0.20943088829517365,inf
1657892567,15,3.0339320277124298,2.201061916673086,46.934044203,0.4000483319342108,-0.005003235744241504,-7.336327986266831,2.433528119221938,-0.7780219316482544,-4.675747654560304,-6.858172314656494,-0.08058508485555649,6.8401828687567345,-5.110183929699081,0.5734623670578003,2.1018618509513063,7.04025001932871,0.9993003606796265,8.917027937889726,-1.9693950077091535,0.7013555765151978,-7.538160286807031,-0.632785586951141,-0.7306494116783142,-3.295235731020498,-6.708431720585857,-0.05450780317187309,7.005687863598795,-6.3420262738186715,0.5909818410873413,7.65519989683918,6.402874174814864,0.9872962236404419,-6.607478732811469,0.05330917846614957,0.7352011203765869,-3.406154048962654,8.25472446450143,0.9994381070137024,-6.150651250164145,-6.090907267554265,-0.04139294847846031,7.307766345647707,-3.8305693983679565,0.6051340103149414,3.839487439787576,6.87894277008121,0.9986715316772461,-4.9500913803367945,-8.152081332992006,0.9975208044052124,-7.762642583353434,0.5618474411129485,-0.7610559463500977,-7.224008902293783,-6.468007887909678,-0.10567328333854675,7.808161294565481,1.3308427335266193,0.6855747103691101,6.2092463399272555,6.528885331691959,0.9944927096366882,-1.3746262198912922,7.9061411785491815,0.21647578477859497,inf
1657892579,16,3.3064997565440226,2.4938116962600922,47.5165683984,0.40002940601033826,1.535377815355468,-7.609008051583937,0.9566453465171662,-0.7623103857040405,-3.381497805441599,-7.067267924997807,-0.07958817481994629,7.283441240385,-3.879381876903058,0.5769816040992737,0.6753410711299684,7.163158341785001,0.9986555576324463,8.90055639111754,-0.08139954864359158,0.7205592393875122,-7.653732209104482,-2.234036136007277,-0.7363930344581604,-1.9962151299918125,-6.8504114047281615,-0.05732455477118492,7.342962828199012,-5.282767533033294,0.5870182514190674,6.600459232847895,6.701311856066375,0.9928001165390015,-6.781174630263258,1.0867668461878124,0.7819145321846008,-4.219842441113243,8.302096128740638,0.9996955990791321,-5.0473338491526825,-6.18584228046005,-0.03937000781297684,7.649160515862523,-2.5845116446566383,0.6084235310554504,2.588763724354298,6.998101495136304,0.9989671111106873,-5.604691483354856,-8.295803332374104,-0.09101119637489319,-7.997798155059068,-1.0658764336113302,-0.7519235014915466,-6.079864667171819,-6.707386732787527,-0.09110169112682343,7.929523442656044,2.981301732113962,0.674009382724762,4.992525920921888,6.726603513359094,0.9982091188430786,-0.47411292979486247,8.295105318271343,0.18755322694778442,inf
1657892592,17,3.576428132897127,2.7890050833715776,47.5605850814,0.3999890849820443,-0.001823600026010086,-7.826392887490114,-0.54500345729847,-0.7460092902183533,-2.0787188325568753,-7.276895352568138,-0.08003103733062744,7.699401042573181,-2.650428820135209,0.5898046493530273,-0.7389247946048402,7.324826381366784,0.9982165694236755,8.805694555249744,1.7912227543427888,0.7238931655883789,-7.789016229458828,-3.833769005997632,-0.7341315150260925,-0.6989059673514778,-7.007271469249094,-0.0614447183907032,7.677231943624103,-4.263547381143704,0.5882277488708496,5.523742339516929,6.904645383815693,0.9979044198989868,-7.046445218565586,2.19189533758124,0.7853853106498718,-5.03516747670982,8.335717699140947,0.9998459219932556,-3.9425726550433033,-6.261959368517819,-0.0365435816347599,7.958879108398174,-1.3303389809097694,0.626832127571106,1.2844409183559657,7.1446351391023315,0.9976187944412231,-4.505540882153311,-8.40799942749606,-0.035052716732025146,-8.20349454594437,-2.712742228526372,-0.7483800649642944,-4.897229036650359,-6.915195496255138,-0.09180224686861038,8.096031496674831,4.62789447689131,0.6704084873199463,3.768271709786413,6.848770707270885,0.9988623857498169,0.4464300741368104,8.612226906969948,0.14065589010715485,inf
1657892604,18,3.8463517314117883,3.0842004462823223,47.5604937371,0.4000168641654867,0.0035366806152105894,-7.963853744863104,-2.0500714741809847,-0.7356499433517456,-0.7637580621025015,-7.492697090984984,-0.08216871321201324,8.067382171315725,-1.411883875620228,0.6056406497955322,-2.1552809090948832,7.530815446723975,0.9962112903594971,8.727483400357869,3.6801121352369015,0.7188898921012878,-7.911179521759416,-5.434562445357665,-0.7349070310592651,0.5978272318532668,-7.168847070978686,-0.06273463368415833,8.015630778393074,-3.2523350605613452,0.5781581401824951,4.432536715300234,7.013113352421325,0.9988683462142944,-7.304523399950216,3.3007074506291243,0.786331295967102,-5.757315470133474,8.241116840073403,0.9184421896934509,-2.8419539001637237,-6.353590102566156,-0.0436403825879097,8.208902894787572,-0.06283961710410743,0.6407079696655273,-0.0212848614987032,7.339780188955553,0.9972524642944336,-3.0785329056491357,-8.479501874963054,-0.013958694413304329,-8.390090284717234,-4.375257759239663,-0.741522490978241,-3.7548554290461524,-7.1142632873538965,-0.07958424091339111,7.957495085471235,6.061953217371968,0.9317396879196167,2.556457044973831,7.000081621793204,0.9968641400337219,1.416563529562181,8.846514663933371,0.10223953425884247,inf
1657892616,19,4.116166371035733,3.379491796183468,47.8126228876,0.40004656518282117,1.5293865230722448,-8.073219568900432,-3.5479051334884506,-0.7284876704216003,0.542524735879139,-7.693699127647854,-0.06460247188806534,8.378237768879261,-0.1422164099367381,0.6296197772026062,-3.560073491952342,7.811190379776184,0.9949063062667847,8.640551590145758,5.568518238562201,0.7272718548774719,-7.105874925143811,-6.361227725118939,-0.1643061488866806,1.8931730402859417,-7.34107891622699,-0.07254282385110855,8.355788794587527,-2.1979581089189084,0.6055716276168823,3.345978117351365,7.147988967287872,0.997078001499176,-7.595390489062122,4.3966748212018905,0.7945623397827148,-5.996722204919368,7.558296582005638,-0.7725754976272583,-1.746055808410948,-6.45061147884269,-0.0458223894238472,8.40861451541607,1.2134494887108096,0.6608257293701172,-1.3183725416461642,7.5270906114181,0.9976260662078857,-1.6406532029888454,-8.49326100135666,0.0015051548834890127,-8.333575243609912,-5.90433858699419,-0.44026345014572144,-2.606169467380207,-7.299214004525317,-0.08360286802053452,6.603869742947864,6.542901902743618,0.9959373474121094,1.3154953058900545,7.229844319349537,0.9951347708702087,2.397494279945386,9.03065760232188,0.07225842773914337,3.6835532188415527
1657892629,20,4.384526413946899,3.6761111576487133,47.8644880138,0.39999970686057656,-0.004720565617425646,-8.178766326264064,-5.026915971382938,-0.7399541735649109,1.8207859721363446,-7.811003049063566,-0.04307172819972038,8.65362263525823,1.14549183439359,0.612615704536438,-4.975143878069298,8.09584692958848,0.9949915409088135,8.602501525671823,5.360518077858065,-0.767826497554779,-5.594899344885603,-6.677613242314253,-0.07438681274652481,3.176722487279264,-7.585220018426288,-0.10539904236793518,8.639037599058991,-1.1051030205807502,0.608197808265686,2.2621226788959428,7.3145905669234335,0.9981396794319153,-7.872988078318667,5.438045464493,0.791408360004425,-6.154395576985036,6.760736130611765,-0.7804670333862305,-0.6676893878489176,-6.555497287378427,-0.05037974193692207,8.600840629913911,2.476497443566151,0.6200270056724548,-2.6060546110669116,7.693038280112572,0.9982682466506958,-0.2026697536027623,-8.48842635769893,-0.0015020053833723068,-7.033444349304087,-6.449265832729132,-0.10075267404317856,-1.4653889842596888,-7.497942223244631,-0.08714435249567032,5.033348024259909,6.745549201356768,0.9985357522964478,0.07300770755261822,7.462015851323054,0.9968401789665222,3.389753104977809,9.138879794951038,0.04138174653053284,inf
1657892641,21,4.6528795357678465,3.9727327236268404,47.8635190767,0.39981678447906793,-0.0428781981806967,-7.844673348621078,-6.137812619371547,-0.2423546016216278,3.1071946753520807,-7.933914540682746,-0.051375482231378555,8.927604990954197,2.4299389182828177,0.6601799130439758,-6.090409385034039,7.906313428156456,0.8771075010299683,8.317166141916498,3.8967982791724745,-0.7467246055603027,-4.002997033715974,-6.885416389450416,-0.06111560016870499,4.45442614199391,-7.859193163841744,-0.1002262607216835,8.934232016269307,-0.04891648598226998,0.6033514142036438,1.1741949128367892,7.451626807415081,0.9966824650764465,-8.050076705534119,5.423155193977764,-0.7551133632659912,-6.324470290828585,5.962799853379588,-0.7669492363929749,0.41831881852686,-6.673359534713647,-0.05857917666435242,8.811552278553485,3.7405370435565897,0.6893226504325867,-3.869277772214799,7.8583609572431055,0.9969819784164429,1.2269395140246577,-8.50499738964097,-0.009218013845384121,-5.428824918778673,-6.7101181082080155,-0.07450434565544128,-0.27895619865190624,-7.721921674601818,-0.10151353478431702,3.437638893908015,6.91671200423897,0.9985940456390381,-1.1481797482096623,7.626837215475189,0.9982657432556152,4.386925649648985,9.172897990842214,-0.012430816888809204,inf
1657892654,22,4.92049886919758,4.270018550552419,48.1653464707,0.4000248738568413,-0.0009048310370541477,-6.518297343649953,-6.495879779219715,-0.08854442089796066,4.407776665546008,-8.066426501214753,-0.05688351020216942,9.016616170378702,3.747736502169284,0.6911752223968506,-6.504638329579823,6.759064816575714,-0.7998151183128357,8.234645720339149,2.0919746757626516,-0.7078638076782227,-2.4082252564117765,-7.070089560682651,-0.05296028032898903,5.709054346732272,-8.068592576148776,0.08801877498626709,9.197497454699281,1.032067599138076,0.6378782391548157,0.09939386826160385,7.669045042615637,0.9942178726196289,-8.115690044975617,4.393578946234407,-0.7163289189338684,-6.4107174611780025,5.152665763647828,-0.7145246863365173,1.489049884794512,-6.809571181153184,-0.0657661035656929,8.8088683014066,5.032276325356276,0.7147372364997864,-5.153328861896757,8.039560379334242,0.9984318614006042,2.6383776778785917,-8.523602464098332,-0.0010984947439283133,-3.7892851932301905,-6.9625637804200355,-0.07823050022125244,0.9401683902454642,-7.963463478804828,-0.08630692958831787,1.857610474835477,7.0628337512008,0.9993452429771423,-2.3462533240805135,7.764156064326462,0.9983000159263611,5.3726780938789105,9.112272394710029,-0.03622657060623169,inf
1657892666,23,5.1872914965131836,4.568046289837535,48.16540943,0.4000012644734597,-0.029911689097096635,-5.042083977352586,-6.722221753465101,-0.06848850846290588,5.701709368121644,-8.251799432049161,0.04257594421505928,9.035156169767838,5.056167690180563,0.7212837338447571,-6.837012569287045,5.536240278296718,-0.7880620360374451,8.28076967409348,0.24117163113050952,-0.6871496438980103,-0.8107619442885282,-7.22998460413597,-0.04845849797129631,6.297567115644612,-7.257500110133882,0.5869443416595459,9.37284184348385,2.1692889449430597,0.6596922278404236,-0.9723632102053407,7.901517264155161,0.9944286942481995,-8.133985049135388,3.254642871679217,-0.713860273361206,-6.393254405556026,4.33694104856223,-0.6913732886314392,2.553081243129229,-6.958486498663376,-0.07490939646959305,8.434626279567237,6.0929449345237,0.947135329246521,-6.120599150995224,7.684608750396071,-0.853891909122467,4.026311399937953,-8.531793025157468,-0.009731218218803406,-2.1611240300510692,-7.219448826908122,-0.07701117545366287,2.1571650510266025,-8.165836531024203,-0.08444343507289886,0.3216690450863742,7.152674684176005,0.9996751546859741,-3.5838236621037063,7.8968811134764225,0.9990152716636658,5.4553229168875745,9.184155327726835,0.9964175224304199,inf
1657892678,24,5.453965059703579,4.866177390304096,48.4281470905,0.4000387937395989,1.5338008395914744,-3.5510405877772064,-6.917042210092433,-0.0629202350974083,6.2928040279044675,-7.48596982399539,0.5854480266571045,8.602950218298247,6.133935397228605,0.9480498433113098,-7.14799139721534,4.2384594517847445,-0.7835490107536316,8.427322326706019,-1.5936025443478088,-0.6737824082374573,0.7856886532643084,-7.399342514022165,-0.05963123217225075,6.597528958713094,-6.174342292804326,0.6079611778259277,9.491828523408753,3.32435024113506,0.6810163259506226,-2.0426053121175407,8.140785417320538,0.9934961199760437,-8.15939877563776,2.115839405011401,-0.714192271232605,-6.350450323266498,3.5220454204590386,-0.6910765171051025,3.5963559176240705,-7.123120540267011,-0.07617344707250595,7.3200254578751665,6.6191255835190015,0.9878496527671814,-6.430631329515023,6.521994671595563,-0.7637319564819336,5.406899097214895,-8.586577572391922,-0.006499062292277813,-0.548145337542942,-7.488384894666697,-0.09212195873260498,3.3712005512525596,-8.37126212583805,-0.07754120230674744,-1.2356563468082524,7.208577023666106,0.9999393224716187,-4.808892368869626,8.000364117835833,0.9987289309501648,4.54776769581992,9.216799041384967,0.9999724626541138,2.269413709640503
1657892690,25,5.6582873556778726,5.117615202291557,57.3202006051,0.2316073294091226,16.86565249167484,-2.045124434571408,-7.102943893988192,-0.05825640261173248,6.642896962585219,-6.382832042450836,0.5805195569992065,7.48673278859818,6.685551354368597,0.9856951236724854,-7.437108371789855,2.888763087788625,-0.7704841494560242,8.583185611558262,-3.4522098231515312,-0.6832289695739746,2.3259238148468877,-7.543208471033813,-0.007738212123513222,6.920607720779615,-5.053439445398479,0.5942744612693787,9.509303648779639,4.4846448778395525,0.7268208265304565,-3.113557787922131,8.372755055942017,0.9952923655509949,-8.178550585517584,0.9769139527780907,-0.7121837735176086,-6.328948031559929,2.7063357115570166,-0.7026748061180115,4.649403133505419,-7.2475169540925375,-0.07055233418941498,6.059465706838718,6.89553637776325,0.9973798394203186,-6.6189690359203786,5.28498340457021,-0.7598403692245483,5.568405771285618,-8.528364403535956,0.9874443411827087,1.011066708401892,-7.805554181274516,-0.10879708081483841,4.4558887087748404,-8.646608940188326,-0.1855703890323639,-2.85374549056933,7.280195432576459,0.9990038275718689,-5.9217163357614195,7.95694537925415,0.9338484406471252,3.5499703277359047,9.186653972028054,0.9998182654380798,inf
1657892703,26,5.698622014508218,5.187669782229081,60.9237870698,3.2256661164409284e-05,0.03613673977947086,-0.563047381838407,-7.250759119889725,-0.03957019001245499,7.039739460185073,-5.267526733185128,0.579619288444519,6.239535534327321,6.993285993772511,0.9964362978935242,-7.669289240115148,1.519179779969108,-0.7593318223953247,8.702410107237078,-5.340668168121187,-0.6829329133033752,3.752379373514305,-7.527121608241181,-0.02405388653278351,7.284842004254499,-3.911431124598814,0.5852895379066467,9.344306959474133,5.632967179024861,0.7766550183296204,-4.151949964101514,8.54654257321836,0.9980595707893372,-8.177605384165254,-0.16210148431123053,-0.6994714736938477,-6.336001706686645,1.890404487487672,-0.7168180346488953,5.712541508533446,-7.496061416705402,-0.11554945260286331,4.774903193441193,7.031958589085961,0.9991718530654907,-6.825761637842834,4.052238748425421,-0.7656946182250977,4.803555037614316,-8.406779911413453,0.9979709386825562,2.3656290863469267,-8.190829411337543,-0.17654120922088623,5.555708264150385,-8.854974906762719,-0.035288482904434204,-4.484094750277828,7.4831171939730305,0.9975443482398987,-6.342134391611778,6.948782436109479,-0.7744082808494568,2.5524169878593725,9.150978090333824,0.9998561143875122,inf
1657892715,27,5.87720703880257,5.417781079538516,50.0229167772,0.4000159358487299,-0.01501279147724041,0.8536146751806949,-7.308945026558568,-0.012272299267351627,7.406037407092954,-4.140789571755993,0.5925909876823425,4.95553159591589,7.1722392226412826,0.9979450702667236,-7.871452830710782,0.17979656402627414,-0.7587826251983643,8.832859153474718,-5.386458036329436,0.6559128165245056,5.080035240047139,-7.779948317786523,-0.1169154942035675,7.7085455622699675,-2.753689808615915,0.564262330532074,8.673574292207176,6.398175981449758,0.9442466497421265,-5.1716437956435115,8.610274991882925,0.9999993443489075,-8.149154797114056,-1.3008248699881235,-0.7014492750167847,-6.382139352972211,1.0762103242188412,-0.7383779883384705,6.2794385333837175,-6.864469486812324,0.5820150375366211,3.4866713961517557,7.130313007179909,0.999207079410553,-7.060704165916296,2.8119550941091576,-0.7754126191139221,3.7780085082664727,-8.317509060101388,0.9997415542602539,3.7099842757459367,-8.628755024162183,-0.08879493921995163,6.299937736258582,-8.201027747095004,0.5064566135406494,-6.012749874581022,7.5952175972205485,0.9642848372459412,-6.505413865149989,5.747037773470336,-0.7434846758842468,1.5545651618676055,9.121726434813981,0.9999457597732544,inf
1657892727,28,6.1341979325412455,5.72430095079462,50.0229255189,0.3999804587465406,0.004895390068607817,2.3246690250272932,-7.43644519777011,-0.06861388683319092,7.7204980471280615,-3.0274732142057466,0.6102668046951294,3.6598521144076557,7.342748939343464,0.9977702498435974,-8.059465263727612,-1.1138807023703523,-0.7500331401824951,9.13489465733896,-3.921391343047658,0.6195785999298096,6.179934590156384,-7.552213192979716,0.509330153465271,8.133636546113834,-1.6419921049995927,0.5743182301521301,7.683755151456616,6.983563812349354,0.979064404964447,-5.974614438481352,8.212516250625022,-0.8458885550498962,-8.137708064499744,-2.439853698685471,-0.703697919845581,-6.449162259915338,0.2699820656415428,-0.7248616814613342,6.557170432236289,-5.842158343231707,0.620150089263916,2.1985860428412733,7.230463295015053,0.9994024634361267,-7.322649166884207,1.5720622521559955,-0.7739750146865845,2.4301572130968156,-8.39118619535987,0.999885082244873,5.300227990630046,-8.724523310416503,0.006460112519562244,6.775431210592748,-7.10098598139827,0.5580015778541565,-6.558412260933221,6.368931841790977,-0.7807090282440186,-6.633460408110394,4.49181977382027,-0.74126136302948,0.5564367488921844,9.103926436411408,0.9999430179595947,inf
1657892739,29,6.3594245091921735,6.021093418436968,58.9003914713,0.2737480143863103,16.88344183607659,3.8107392142738603,-7.669085692127475,-0.080687016248703,8.010286743619286,-1.9599579292605074,0.6035990118980408,2.363343802652644,7.514747871531848,0.9979849457740784,-8.203158795589179,-2.365275433609177,-0.7470790147781372,9.517532639124076,-2.245923727511184,0.6331382989883423,6.534816812908821,-6.420882130548588,0.6365559697151184,8.48957355136012,-0.5628714600506382,0.6010366678237915,6.571516573020686,7.309415285634416,0.9954066276550293,-6.254332420383305,7.173940851786518,-0.7699787020683289,-8.124302146690622,-3.5788610741563547,-0.7018455862998962,-6.472725870493052,-0.545663265883409,-0.7161763310432434,6.810391400156108,-4.78341131813046,0.6027106046676636,0.909175763858336,7.3119203384387585,0.999521791934967,-7.561045677385887,0.2985850499987712,-0.765834629535675,1.021775347467811,-8.428243166107094,0.9998342990875244,6.309265937057807,-7.955439676261876,0.5687450170516968,7.230553901757797,-5.943973750212201,0.5440314412117004,-6.8522418181605005,4.884895652612916,-0.773129403591156,-6.747425733328031,3.2311155349456184,-0.7343130707740784,-0.440740180966389,9.08247579270834,0.9999648928642273,inf
1657892751,30,6.528096937775224,6.282346954072324,54.8551613308,0.3999832010484817,-4.607791652089731,5.305744643193206,-7.92085605435134,-0.08940108865499496,8.336835531472863,-0.9106975805740152,0.5829650163650513,1.084057470807523,7.669311265940813,0.9983591437339783,-8.373446565736996,-3.618516868549057,-0.7595552802085876,9.82507367901716,-0.5024592570849364,0.6430390477180481,6.750409311998813,-5.138168838859167,0.6462549567222595,8.767201288525099,0.5637290255373748,0.6139662861824036,5.433203135860985,7.470955766746841,0.9986668229103088,-6.434674929691141,6.092264613523132,-0.7592799067497253,-8.10651035804215,-4.717808898964076,-0.7027524709701538,-6.519663996559808,-1.3545146144519409,-0.7425549030303955,7.1660962215984325,-3.7389147274067795,0.5798837542533875,-0.3803214497953169,7.392028569686075,0.9995220303535461,-7.78584111686152,-1.0003227227887441,-0.76590496301651,-0.3843937340960061,-8.464719543469428,0.9999998807907104,6.6910769266052,-6.597524595587642,0.6100073456764221,7.727794014787517,-4.825839964031225,0.5497176647186279,-7.169202487066568,3.3673513422416708,-0.7772108316421509,-6.853959737009216,1.9697797264905799,-0.742014467716217,-1.4334887685480282,9.071124406236173,0.9999890923500061,inf
1657892763,31,6.765540869214505,6.604205236099034,52.6149345906,0.4000288931292673,-1.5385576690062648,6.265496117628544,-7.450478327786858,0.542766809463501,8.691632870502502,0.10366318728950918,0.5768836140632629,-0.19889055667687072,7.795881637177053,0.9991515278816223,-8.575283466627882,-4.886543797098549,-0.7645792961120605,10.104638979562255,1.2826775002355943,0.6608583927154541,6.988991407747271,-3.8619630796022775,0.6318032741546631,9.049455739173865,1.6321118252626272,0.602966845035553,4.336221898631368,7.564944010823523,0.9992450475692749,-6.597051372742443,5.012329135567528,-0.7571222186088562,-8.062090596310469,-5.696595432100247,-0.43142491579055786,-6.625857095649001,-2.134290407570743,-0.7573322057723999,7.534840943436706,-2.6965330319643988,0.5732294917106628,-1.6704733234701736,7.460236750634421,0.9997944831848145,-7.99808406913536,-2.3039123500244507,-0.7573598027229309,-1.8134548240985637,-8.449692159338797,0.9999987483024597,7.064594465139554,-5.234703902888782,0.6066017746925354,8.194061950052449,-3.720310496642388,0.5555296540260315,-7.481717232929421,1.8609371458054553,-0.7727681994438171,-6.978401301872997,0.7100810178908766,-0.7355648875236511,-2.4317327506229036,9.074402270367283,0.9999728798866272,inf
1657892776,32,7.012639517594346,6.918739660822678,51.0785696531,0.39998255874769134,-1.5285022815432152,6.684392205102566,-6.204671300381314,0.5957077741622925,9.054617212086939,1.1030133798408353,0.5715777277946472,-1.4987028809904726,7.897108232965789,0.999243438243866,-8.365860984557687,-6.031226215679899,-0.3034159243106842,10.214287246890947,3.129610821521413,0.7108572721481323,7.244162827486055,-2.6393354222179424,0.6308718919754028,9.367378411770021,2.6320615953830906,0.5820085406303406,3.2411591557227966,7.648347589642847,0.9992970824241638,-6.76414336114351,3.9307523878649846,-0.7626529932022095,-7.879226734511475,-5.278743353657523,0.6183925271034241,-6.6813840584350315,-2.8853530895821065,-0.7049629092216492,7.926676338580124,-1.6923174680617679,0.5541713833808899,-2.9613161689730427,7.514117878002632,0.9996495842933655,-8.257349241571108,-3.555844281350858,-0.7862518429756165,-3.195514250818026,-8.47431164570452,0.9997544288635254,7.424958571090364,-3.941704231330055,0.6007736921310425,8.61992749688245,-2.669943288111386,0.5601409673690796,-7.8069168623954495,0.3716600173590475,-0.7896842360496521,-7.11523638189541,-0.5449351431414797,-0.7620936036109924,-3.429601035670797,9.101937096935126,0.9997600317001343,inf
1657892788,33,7.268081427305955,7.226535595787527,49.5422307266,0.3999747412957611,-1.5415202186419161,7.061152386099523,-4.941780771058179,0.5982772707939148,9.411050348806166,2.0861341267156708,0.5775511860847473,-2.7923274017141644,7.992470252671802,0.999644935131073,-7.139347359438343,-6.397151643063709,-0.08257666975259781,10.048813738822414,5.0066286176706685,0.762191653251648,7.497782056314895,-1.4208190000742453,0.6310803294181824,9.706962808249044,3.6752185642589494,0.5968325734138489,2.10127627828153,7.732089390684986,0.9993664026260376,-6.94403534926545,2.853662579461434,-0.760927677154541,-7.742699520746721,-4.563445604618407,0.6199988126754761,-6.688270770430303,-3.663764987284418,-0.7306907773017883,8.344743718646203,-0.7268536646074356,0.5459570288658142,-4.249910051159939,7.606366513088725,0.9987730383872986,-8.456805323253258,-4.7901423812340544,-0.7412196397781372,-4.568099756857537,-8.532914615412103,0.9999589323997498,7.796152936027891,-2.6771142514566693,0.6001215577125549,9.047463474826985,-1.634385251314479,0.5517478585243225,-8.220793408943521,-1.0961118062480888,-0.7970883846282959,-7.361160922804727,-1.6747820935508022,-0.791671872138977,-4.425343321132967,9.153238153445846,0.9996500015258789,inf
1657892800,34,7.531683815246218,7.527372617346751,48.006026313,0.3999520197599083,-1.5307358430123528,7.430729226757444,-3.6964970086805105,0.5983428359031677,9.747673084838892,3.062105181181896,0.5702658891677856,-4.0666031816369586,8.026783766571468,0.9999866485595703,-5.726551695771441,-6.578976891147568,-0.05631135031580925,9.827029011201356,6.090187321669111,-0.7531375288963318,7.770578286904138,-0.199769215253128,0.618265688419342,10.016790873867903,4.711477998299767,0.5469300150871277,0.9695080751474063,7.799360181492957,0.9997612833976746,-7.103135714476682,1.7939148086464536,-0.7569066286087036,-7.49928634365216,-3.850739281674302,0.5835030674934387,-6.832097419182945,-4.430499504042687,-0.800495445728302,8.761918255954155,0.20703021757102336,0.5412474870681763,-5.53229494024827,7.763178514019372,0.9978213310241699,-8.360686954848992,-5.887007831682651,-0.3474467396736145,-5.666000875383878,-8.549836720796417,0.9583751559257507,8.15550814895818,-1.4461677416347525,0.5985203981399536,9.4791241000135,-0.6291895084898373,0.549052357673645,-8.564436157091139,-2.6906560067514027,-0.7608887553215027,-7.669316221433182,-2.5794758028290685,-0.8250963091850281,-5.394625531313503,9.183312049017529,0.9999986290931702,inf
1657892812,35,7.8027555428451905,7.821502027431875,47.0185761526,0.4000218289005098,-0.008111870659926444,7.797622971917095,-2.4920644776181002,0.58953458070755,10.099842791916556,3.973356091972113,0.5857220888137817,-5.318034379088807,8.07313262950862,0.999049961566925,-4.300227301870246,-6.73092233730192,-0.051839329302310944,9.557432783783723,5.0279599268022,-0.7805048227310181,8.054201673001675,0.9618791760024387,0.6189616918563843,10.285638357479137,5.676341168936974,0.6467759013175964,-0.19009075992264934,7.847563231174014,0.9997845888137817,-7.307779522026224,0.7578241998756607,-0.795807957649231,-7.345920816988216,-2.96036534168358,0.6690114736557007,-7.027362198091886,-5.093748900526907,-0.7817270755767822,9.176985246915526,1.0695968381447538,0.5249046087265015,-6.284533482043638,7.119190389221727,-0.8187126517295837,-7.285564011123606,-6.301050477628194,-0.11488146334886551,-4.824123785935651,-8.5572892545911,-0.0012136788573116064,8.517475581014757,-0.30038923094044295,0.5844103693962097,9.908403449126869,0.3228742360894614,0.5376558303833008,-8.751696737008691,-4.3345785786028745,-0.7335473299026489,-7.947969669527491,-3.6349185240487554,-0.7732497453689575,-5.522526971322433,9.184795088933068,-0.010956855490803719,inf
1657892823,36,8.063830654548894,8.098426021424627,46.4226889445,0.34612570367018597,0.007643063065854369,8.196764913332235,-1.3502354753158696,0.5633790493011475,10.364067198689023,4.858568630178193,0.5961210131645203,-6.143618704474771,7.535502333987489,-0.8284136652946472,-2.848671586220972,-6.890051166750453,-0.05697822943329811,9.212739008450397,3.7492843299401937,-0.8163102865219116,8.020668440318252,2.0540107706819546,0.7809808254241943,10.365571958177267,6.519949630223388,0.6913638114929199,-1.3211281362810054,7.873477089716412,0.9999961256980896,-7.629844048860637,-0.177507543797862,-0.8187905550003052,-7.242081604843488,-2.0287449536092828,0.6723195910453796,-7.163510961338872,-5.866348901884015,-0.7068561911582947,9.540662554053936,1.84909059694282,0.5625866651535034,-6.581648205338989,5.881924172962896,-0.7651605010032654,-6.002734581542721,-6.53243100482789,-0.07759808748960495,-3.4781314089571067,-8.58496138732392,-0.01887689158320427,8.867338528315996,0.704923321752719,0.5801771879196167,10.306651578804276,1.2169634108780432,0.5589519739151001,-8.687731238335104,-5.896304536049838,-0.5053749084472656,-8.193515273787861,-4.82565162038019,-0.7821260690689087,-4.741914220499249,9.184831261174727,0.014594285748898983,inf
1657892835,37,8.271008235115838,8.313712804232074,45.8312092367,0.26646462511505936,0.006245177735774342,8.643694660179966,-0.29387258081549783,0.5473447442054749,10.591802334672918,5.621728442443641,0.6054989695549011,-6.46729996356611,6.325029700141683,-0.7804543375968933,-1.3983465745774815,-7.060080793904883,-0.05847197026014328,8.720711029765011,2.275059686406616,-0.7916544675827026,7.753830756961235,3.2797589034213486,0.7755640149116516,10.365680676029726,6.981207541460059,0.720056414604187,-2.4530697182736927,7.887172484189784,0.999866783618927,-7.88065721379127,-1.201160202236788,-0.7544323801994324,-7.195622950524829,-1.0142051570276018,0.6929941773414612,-6.56139240181055,-6.12156720727522,-0.01749197207391262,9.819063222700802,2.659825940962484,0.5893017053604126,-6.787993372987921,4.6294153705212056,-0.7690433263778687,-4.697312099243205,-6.728350333245669,-0.07163180410861969,-2.086398094770227,-8.63825830491973,-0.014014206826686859,9.152875552136368,1.7126533799034842,0.6353356838226318,10.634806068552834,2.130212156275398,0.5886208415031433,-7.550008468900336,-6.619344830085736,-0.1712353229522705,-8.199502603986847,-5.8747231807637235,-0.3905622959136963,-3.8557298397209094,9.180037814874327,-0.03871976211667061,inf
1657892847,38,8.431058154343576,8.478498321564672,45.8383344858,0.20516845209517248,-0.003471830470670338,9.031397357221753,0.7570359669391792,0.5976631045341492,10.749770660712363,6.2919100133869055,0.635657548904419,-6.752373045915682,5.078491615365806,-0.7802639603614807,0.05090282414061643,-7.238923669794378,-0.06573186069726944,8.4783045418811,0.536266790432593,-0.7156519293785095,7.518246123172623,4.5077060739372365,0.7649226188659668,10.349020264849836,7.4230026564376,0.7181228995323181,-3.612563421618932,7.948911342757136,0.999598503112793,-7.982460149925778,-2.2786078781816617,-0.7302488088607788,-7.106134728959344,-0.05901120637210527,0.656919002532959,-5.7456575729818695,-6.104024640922306,0.013306540437042713,10.068043072231033,3.44695039394132,0.5861845016479492,-7.061847340738568,3.457188646723753,-0.8018594980239868,-3.3934257869019477,-6.893302751023401,-0.051725517958402634,-0.7081475822432292,-8.664285681986055,-0.007476843427866697,9.327487109613037,2.7277076878975963,0.648347795009613,10.923113568136833,3.063189408427952,0.5946165919303894,-6.042784592731551,-7.0472206844452705,-0.1193343922495842,-7.25659982466586,-6.264137674272514,-0.1399698555469513,-2.961495164610939,9.082930211630934,-0.0468309223651886,inf
1657892859,39,8.55435628122219,8.605472257383564,45.8437497679,0.1580677804254194,0.006435425492589606,9.325599749976286,1.7918215064015777,0.6057257652282715,10.782081316474665,6.767604784053143,0.9336610436439514,-7.034045016962473,3.914646250721262,-0.7974149584770203,1.498395795867887,-7.43155136912586,-0.06340263038873672,8.51298003338803,-1.2970349264815748,-0.6977697610855103,7.353925261152533,5.7235529898301705,0.7383948564529419,10.351372167861415,7.8338236325112725,0.6548915505409241,-4.770974050718166,8.029993775637765,0.9988641738891602,-8.056822037165396,-3.3724034268463976,-0.7356504201889038,-6.962719702016488,0.7772569877610089,0.6452756524085999,-4.929702281317307,-6.0961741835728045,-0.0021398880053311586,10.29814734982014,4.13529612141866,0.5808240175247192,-7.433991901794006,2.339975804046138,-0.806248664855957,-2.0828630382088424,-7.02899828182957,-0.058541011065244675,0.6386218678195797,-8.677410996013663,-0.0005643740296363831,9.470935165503347,3.706808512432128,0.6626980304718018,11.187331996282095,3.9940560456151815,0.6127141118049622,-4.45440113360467,-7.375895936907083,-0.08260303735733032,-6.14775938225044,-6.582876766275806,-0.14070940017700195,-2.050161248021275,9.009190384981336,-0.05434031784534454,inf
1657892872,40,8.64937355413599,8.703338493561057,45.8480160636,0.12192766779834946,0.0021056430958588945,9.577715594457601,2.7333546785025202,0.6147988438606262,9.908370898339156,6.712850624786251,0.9999896883964539,-7.397176412010476,2.749478133681969,-0.7951957583427429,2.9483660299346135,-7.604467458370082,-0.055822767317295074,8.551134078521397,-3.172772835717189,-0.7004547119140625,6.353128382506682,6.35226455023867,0.9934295415878296,10.393795622873068,8.187062108636281,0.6896730065345764,-5.822949880567546,8.039872308637051,0.9506335854530334,-8.15776298897185,-4.464424824746566,-0.7391422986984253,-6.89608275673128,1.7153788474433704,0.7203693389892578,-4.113699024454157,-6.1021139690347495,-0.003353358246386051,10.500069833756587,4.667010895685916,0.5624452829360962,-7.683353437692331,1.1060794106442768,-0.7473728656768799,-0.7723421506056318,-7.17492306729273,-0.04521637409925461,1.9537749088322585,-8.671961437522391,0.002515570493414998,9.612170997929256,4.605178678559243,0.6452022194862366,11.35739173523782,4.934281072399688,0.6702134609222412,-2.8211763071081317,-7.607293837205476,-0.06350981444120407,-4.997180011966609,-6.91102071596351,-0.13310836255550385,-1.2619369181340454,8.856766224381238,-0.1052088811993599,inf
1657892884,41,8.722580164829985,8.77874973529343,45.8511174825,0.0942290537548019,-0.0033716782957547422,9.787579187385235,3.617788495838528,0.624744176864624,8.621131148659606,6.760130667782821,0.9994566440582275,-7.633633799364024,1.464533491201804,-0.7531068325042725,4.400461943406875,-7.758580320780835,-0.05026469752192497,8.581701779974926,-5.064935944421381,-0.7033372521400452,4.8308865125151605,6.583532809349741,0.9985280632972717,10.34723809121369,8.614730111921029,0.789634644985199,-6.153084179147638,7.19393992898258,-0.7568866610527039,-8.246360062419688,-5.5530067437184565,-0.7028161287307739,-7.100129270373492,2.7430888375855567,0.8099283576011658,-3.2976896805835008,-6.107151641902163,-0.003950988873839378,10.689962237220401,5.153090964701145,0.5730245113372803,-7.789513759644427,-0.18142897663320887,-0.7314017415046692,0.5442423467099474,-7.280652751217645,-0.04019613564014435,3.278870898075439,-8.659213049257662,0.008510349318385124,9.780073031262601,5.507289256476395,0.6360660195350647,11.381806668126499,5.907334910951542,0.7208313941955566,-1.2168760572319692,-7.80167313530804,-0.058699481189250946,-3.7913731907780943,-7.215340950175131,-0.11361636966466904,-0.5254977742779654,8.706697807489256,-0.09703755378723145,inf
1657892896,42,8.779026535294387,8.836901644514802,45.8537512105,0.07208966892626739,0.0005615577781506549,9.949705393118615,4.418947537261004,0.649749219417572,7.303259936706245,6.864815978821731,0.9990371465682983,-7.786239297159497,0.16720164503748383,-0.7445619106292725,5.81361666718841,-7.896745772605304,0.11070118844509125,8.603440172919179,-5.457129052029432,0.7093849778175354,3.2585738079468576,6.74567995284945,0.9983815550804138,10.038732178996943,9.160681984868145,0.9196315407752991,-6.266174224289374,6.112351344530719,-0.740638256072998,-7.588650036860889,-6.0690363413763935,-0.1418311893939972,-7.442910693725891,3.7616763174344214,0.8015589118003845,-2.4817732100301395,-6.119972845494987,-0.01127640251070261,10.827168446613832,5.6414812025464975,0.635945737361908,-7.871903850486555,-1.4707627804359185,-0.7253972887992859,1.8608904427627002,-7.3856200872585696,-0.037577033042907715,4.608978238896439,-8.632015655279956,0.007467172108590603,9.484869901752276,5.986152778958664,0.9994477033615112,11.280888336435428,6.802858721500953,0.7700688242912292,0.36511013180487795,-7.975485223831612,-0.04876482114195824,-2.550494665590266,-7.46464393380339,-0.08401084691286087,0.18101712947970366,8.57362698297096,-0.08976341784000397,inf
1657892908,43,8.79734545812048,8.855612534409477,44.69094128,0.00011203584495694807,0.0022590392536166503,10.038202816567994,5.149143120576805,0.6679998636245728,6.032099274362722,6.986772275699794,0.998675525188446,-7.917170446705372,-1.1531684256548163,-0.7363076210021973,6.411372138301081,-6.927568787394314,0.6176009774208069,8.586669012153545,-3.899365903050058,0.7096032500267029,1.6681835502610638,6.957405228716812,0.9974215626716614,9.113017554021415,9.599179515276363,0.9960678219795227,-6.391591997969743,4.983150796014468,-0.7456612586975098,-6.562994653431981,-6.276912185445793,-0.07943344861268997,-7.704567845051958,4.836263394263554,0.7784568667411804,-1.6726929803999377,-6.1772048893137965,-0.07029753923416138,10.918556874199583,6.1512960745632626,0.6353284120559692,-7.93784224899722,-2.7610515253094885,-0.728193998336792,3.177840347249837,-7.478346529653068,-0.02407803386449814,5.723600758095748,-8.614297770755249,0.012594669125974178,8.00139665429363,6.099721234703952,0.9993146657943726,11.099618967061613,7.466916248157658,0.8201245665550232,1.9067810188361944,-8.141389064761908,-0.06917586922645569,-1.2970207252601726,-7.640407655008481,-0.05883012339472771,0.8471345231801095,8.434472517796047,-0.11734765768051147,0.45450133085250854
1657892921,44,8.835823223318863,8.893661886965683,44.6790948479,0.034441551887543,0.08981890943065861,10.119221458972788,5.800370278328838,0.6672214269638062,4.7394975296112305,7.108675089205284,0.9992083311080933,-8.031374915638287,-2.459657018025308,-0.7426162362098694,6.6368287467680975,-5.555295060382556,0.658584713935852,8.576718967740613,-2.1005880881155052,0.718720555305481,0.07988016112840741,7.191404579568627,0.997193455696106,7.8517070715826165,9.64252136928027,0.9998986124992371,-6.515821325611084,3.8745136563737987,-0.7474716901779175,-5.4800625681312125,-6.422817780584114,-0.0546296127140522,-7.924799710306678,5.712674878130506,0.9999183416366577,-0.9034877198722328,-6.317998323111165,-0.09133902192115784,11.04476905885734,6.599503085248543,0.5912717580795288,-8.028020840052687,-4.049876350170747,-0.732569694519043,4.489291380365096,-7.548368302740242,-0.05549011006951332,5.178205507292881,-8.542518764124866,0.9934086203575134,6.358725506320944,6.21195526666479,0.9994469285011292,10.998080795626892,7.854756390719241,0.7836930155754089,3.2130604012519473,-8.467071664022514,-0.16584554314613342,-0.052299975426134564,-7.765675092445811,-0.04147850349545479,1.4537849443947062,8.328262252970001,-0.05874573811888695,inf
1657892933,45,8.836224426401037,8.894058641193567,44.6835869093,-7.882617047927365e-06,0.0040890262486595035,9.782375126243842,6.0530399229662475,0.9995850324630737,3.4156389381345944,7.197877708200408,0.999301016330719,-8.175715712936158,-3.766945351059492,-0.7432743310928345,6.818698285013922,-4.125060865260122,0.6625570058822632,8.277413844293076,-0.5197091619337884,0.7829355001449585,-1.508161325167434,7.426957988416937,0.9975260496139526,6.593295368584242,9.593982179789881,0.9997959733009338,-6.668096742547156,2.7614193664544224,-0.7603975534439087,-4.389132272802782,-6.534928812640356,-0.05458234250545502,-8.020729423963092,5.02234794039489,-0.7292705178260803,-0.1245420980512605,-6.445673058137663,-0.07865661382675171,11.10564403876066,6.9520654154770725,0.6916492581367493,-8.1207799242668,-5.338523986497013,-0.7311248183250427,5.769429470050442,-7.736124354528639,0.058272767812013626,4.184338998723342,-8.465835555325778,0.9983202219009399,4.762760031272703,6.321189683733403,0.9993432760238647,10.890608720829876,8.206164988633189,0.8045851588249207,4.572590944846551,-8.786489558708888,-0.04698565974831581,1.0977456734318454,-7.7962413890158295,0.010430467315018177,2.0209502859166117,8.244992295948247,-0.10745449364185333,inf
