timestamp,ros_time(in sec),robot_pos_x(in meters),robot_pos_y(in meters),robot_pos_th(in deg),robot_lin_vel_x(in m/s),robot_ang_vel_z(in deg/s),person1_pos_x(in meters),person1_pos_y(in meters),person1_pos_th(in deg),person2_pos_x(in meters),person2_pos_y(in meters),person2_pos_th(in deg),person3_pos_x(in meters),person3_pos_y(in meters),person3_pos_th(in deg),person4_pos_x(in meters),person4_pos_y(in meters),person4_pos_th(in deg),person5_pos_x(in meters),person5_pos_y(in meters),person5_pos_th(in deg),laser scan data
1658162054,0,4.557328015963238e-06,1.1844780388759585e-09,-0.00554852808827,-0.0005709342172594666,-0.2129697312967238,8.025833602404042,5.17641277674993,0.6536840200424194,-8.022426093217204,5.156789242696413,0.7551128268241882,-8.022825796537818,-5.156924271182304,-0.7562286257743835,8.007561196292869,-4.917022502882442,0.6654943227767944,0.22291110732284675,8.017480614816819,0.03834452107548714,inf
1658162055,0,-1.4051452881041385e-06,6.530396869788888e-10,0.000982344360029,0.0008078979979152964,0.09120334002957294,8.036177338103242,5.246560338678187,0.6534420251846313,-8.031236440157539,5.2191122014851485,0.7549278140068054,-8.031902368765827,-5.219335366314628,-0.756293773651123,8.011192521419158,-4.887687013168507,0.6612526774406433,0.31150985569105155,8.024066900962627,0.036696456372737885,inf
1658162056,0,5.864005921778754e-07,1.2656528900046588e-09,0.00126132030563,-0.00018136699224959886,-0.36680113019679966,8.05385006980197,5.365829614992837,0.6531370878219604,-8.046117905616917,5.325059649700934,0.7545536160469055,-8.04734816734744,-5.325469631382578,-0.7563079595565796,8.018037460103073,-4.837613368342853,0.6558062434196472,0.4619245858972173,8.034688139037389,0.03460804000496864,inf
1658162057,0,-2.072039402334078e-06,1.1203860020570636e-09,-0.00262541759883,2.5723602434712885e-05,0.011457214138278807,8.066830971167613,5.453051604821454,0.6529434323310852,-8.05691068120251,5.402516229376851,0.754244863986969,-8.058636363764967,-5.403091018672238,-0.7562656998634338,8.023502646656919,-4.800546836482689,0.6527948379516602,0.5717791579143984,8.042124764292973,0.033541690558195114,inf
1658162058,0,1.2472218685353704e-06,1.150012224471716e-09,4.82233042426e-06,0.00026712200833316484,0.11018156081393288,8.082311951039735,5.589195837290399,0.6933122873306274,-8.074078169200106,5.526873907116217,0.7537393569946289,-8.07673701049343,-5.527762083994076,-0.7561675906181335,8.032963280468604,-4.739964477060121,0.6491596102714539,0.7480266232291037,8.053666886590737,0.03231818601489067,inf
1658162061,0,2.7560682772885564e-06,1.4948955420627763e-09,0.00111013021611,8.967095921077472e-05,-0.08362316555715069,8.059948292250192,5.705646448522697,0.8072799444198608,-8.090709120670713,5.634006136132251,0.7679162621498108,-8.081760908539026,-5.650067775482647,-0.680597186088562,8.043797313752687,-4.673971035278645,0.646496593952179,0.9350758880601319,8.065471053497358,0.03106997162103653,inf
1658162063,1,-7.415357567918495e-07,1.9185708940737474e-09,-0.00070373788612,0.00013932378248100464,0.09555494601764707,7.952591766186845,5.859811464071473,0.9238245487213135,-8.111792612043246,5.686738080189727,0.9994447231292725,-8.013611896019356,-5.809783215267217,-0.4613094925880432,8.06439180948221,-4.55340774414677,0.6442099213600159,1.2628344136409968,8.085763831908828,0.033390287309885025,inf
1658162065,1,-3.917036681933606e-06,2.607205187352706e-09,-0.00311909970644,-0.0003303175494362653,-0.09597004505927378,7.783113035160192,5.97405610532368,0.9697285294532776,-8.126984262622981,5.629436053007732,-0.758746325969696,-7.8793774606618925,-5.930420063798624,-0.30161741375923157,8.087068066711366,-4.420659696880632,0.6456627249717712,1.604959267936812,8.112453736258743,0.04203631356358528,inf
1658162067,1,2.7383048747546274e-06,2.8652423594815965e-09,0.00212075667096,0.00016851637120309795,0.131041762794283,7.569845203064402,6.062536317895893,0.9853875041007996,-8.140356427699732,5.499987821618447,-0.7366991639137268,-7.702777131229533,-6.024805581364239,-0.21183103322982788,8.110506943182907,-4.27625420502514,0.6497789621353149,1.958416776308572,8.144320543573494,0.04630039259791374,inf
1658162069,1,-1.7456165921956001e-06,3.334487340996088e-09,-0.00143848843147,0.00011122186317327192,0.09878080550402751,7.324846771394544,6.136142403833466,0.991176187992096,-8.152231870952557,5.322485990034681,-0.7267510890960693,-7.499301901213682,-6.101249172781025,-0.16061487793922424,8.13357872518693,-4.120648808115929,0.6555958390235901,2.321138934740701,8.178543474209983,0.04715018346905708,inf
1658162071,1,-4.38144264599536e-06,3.955460796187272e-09,-0.00319255795434,-0.000310335279056351,-0.0897209072489025,7.056962195061915,6.201759046053282,0.9935736060142517,-8.160952332574617,5.113021225388588,-0.7185320258140564,-7.27914320690198,-6.1650343525683216,-0.1291722059249878,8.155330009180231,-3.954263257251102,0.6624593138694763,2.690913952285064,8.213139508249082,0.0461161732673645,inf
1658162073,2,2.603243665093323e-06,4.172306079494461e-09,0.001201081507,0.0001561699219102761,0.04476025092183066,6.772587441942109,6.263456240556439,0.9946735501289368,-8.165568795816336,4.882579972672382,-0.71164870262146,-7.0489422749867545,-6.219575678757938,-0.10847436636686325,8.17496754463026,-3.7778732970133038,0.6695975065231323,3.065869829289649,8.246978903099452,0.04401586204767227,inf
1658162075,2,-4.203611807523034e-07,4.595493389492092e-09,-0.000459102834456,0.00015173706012312473,0.12087334727817588,6.477579476767834,6.322764862789747,0.995317280292511,-8.167062883138513,4.638598647393948,-0.708095371723175,-6.811523079205701,-6.267614028686747,-0.0945122018456459,8.191965187378813,-3.598678963798621,0.6748018860816956,3.4430360843744228,8.278511563530865,0.039939187467098236,inf
1658162077,2,-3.3803763814133475e-06,5.148021884454697e-09,-0.00291689321152,0.00014117588748208083,0.07107895924553725,6.179326857261641,6.37939882526536,0.9957726001739502,-8.167165974541442,4.386067246758512,-0.7069475054740906,-6.567679834192103,-6.311209327837809,-0.08467844873666763,8.206985834433056,-3.419307340337358,0.6781963109970093,3.820485141232689,8.306449225429303,0.034851446747779846,inf
1658162079,2,-4.54228707364619e-06,5.662357688441322e-09,-0.00348795933672,-0.0004928957587364562,-0.16728336809871353,5.880596926730554,6.4334603372776895,0.9961351752281189,-8.167169386844463,4.128270404195946,-0.7073935270309448,-6.317942585751814,-6.351617316950257,-0.0773598700761795,8.22074533136899,-3.2398342222121665,0.6802950501441956,4.198210640436429,8.33035737756659,0.029408026486635208,inf
1658162081,2,1.9707283375519786e-06,5.8247683145273916e-09,0.00142935497272,0.00017139513876212012,0.1129412147932736,5.581469288965262,6.4852770067023835,0.996444582939148,-8.16801121630071,3.8673625071382207,-0.7089340686798096,-6.062686949843387,-6.389605507151586,-0.07161051779985428,8.233765505759639,-3.060305804794896,0.6814507842063904,4.576176696117355,8.35010023832845,0.023879200220108032,inf
1658162083,3,-1.5049237247660603e-06,6.267824828794543e-09,-0.00135650958914,0.00013443730694544476,0.10591096833260014,5.282055109009977,6.535055509384119,0.996709406375885,-8.170331698764752,3.604740022973296,-0.7110779881477356,-5.802261314862989,-6.425689268297078,-0.06719709932804108,8.246441012313479,-2.8807526669894115,0.681844174861908,4.9543347970203095,8.365745574777659,0.018712958320975304,inf
1658162085,3,-3.8118212371142935e-06,6.78590290775357e-09,-0.0031943541285,0.00011794390398029956,0.042058671552332796,4.982360515552747,6.5832331232520325,0.9968937635421753,-8.174095610195783,3.341106713871074,-0.712776243686676,-5.538095469817303,-6.460749447545112,-0.06539899110794067,8.259196163628701,-2.7012051848693286,0.6813089847564697,5.332607834170074,8.378339959244117,0.015515295788645744,inf
1658162087,3,-4.004786474506847e-06,7.20311228327179e-09,-0.00335564984883,-0.0004934722268190587,-0.1997272479695703,4.6824480462941525,6.630298237288352,0.9970189332962036,-8.178966558950412,3.0767743609480522,-0.7140949964523315,-5.2719614732676465,-6.495767590443518,-0.06555917114019394,8.272448515188353,-2.521693796878518,0.6800021529197693,5.69664965342991,8.371186850054276,-0.07330196350812912,inf
1658162089,3,1.255518247208309e-06,7.369354583817658e-09,-0.00068186007619,0.000105019944306117,-0.09519234191894412,4.382414402049871,6.676584985746634,0.997104287147522,-8.184734555239347,2.8119390987940007,-0.7151861786842346,-5.005051868610318,-6.531430846516343,-0.06704888492822647,8.286513477759092,-2.342244341071471,0.6781445145606995,5.9713502107828145,8.250957942868157,-0.2903297245502472,inf
1658162091,3,-2.3340852411653941e-07,7.738411355724655e-09,-0.000343603316669,0.0001695906215916973,0.12827821245766696,4.08229831664527,6.722334347067289,0.9971621632575989,-8.191273258360567,2.5467253316281857,-0.7161417007446289,-4.738157456554053,-6.568220976780132,-0.06946651637554169,8.30154866159924,-2.162873591330461,0.6761316657066345,6.174852460518603,8.042637821739634,-0.44145822525024414,inf
1658162093,4,-3.1142233474582697e-06,8.232166680257451e-09,-0.0026397793168,0.00011489007873186611,0.09296974310114671,3.7821250496488874,6.767707074733595,0.9972065091133118,-8.198497128080907,2.281211622274168,-0.716964602470398,-4.4717971917218255,-6.606445741171671,-0.07231532037258148,8.317485834919019,-1.9835806487754646,0.6745035648345947,6.330638388935912,7.776860754867495,-0.5266104936599731,inf
1658162095,4,-1.709453410839657e-06,8.543166769376392e-09,-0.00175928733566,0.00017655403561886996,0.13044582636856505,3.4818827945908604,6.812620846585382,0.9972737431526184,-8.206189081153362,2.0154510119108737,-0.717415452003479,-4.206257882043727,-6.645819450237408,-0.07422754168510437,8.333824011946852,-1.8043245830252834,0.6742888689041138,6.454107300115565,7.474132953093162,-0.5747461915016174,inf
1658162097,4,-1.855745403966762e-05,1.1452006233361112e-08,-0.0159635033073,-0.0006624581548879238,-0.5282507040288472,3.18154562930089,6.856895345095818,0.9973582029342651,-8.214097858568762,1.7494784312609002,-0.7175914645195007,-3.941687243206255,-6.685831232597555,-0.07540111243724823,8.352542422976692,-1.625304039196336,0.6660586595535278,6.552642902043243,7.147424923006039,-0.6085435748100281,inf
1658162099,4,-0.00018143546511255324,2.4560768522543444e-07,-0.150766898875,0.0003636345207843341,0.4046538435113031,2.881137918586996,6.9004157259763295,0.997451663017273,-8.222063341083482,1.4833142535355819,-0.7175954580307007,-3.678179474629047,-6.726159766786483,-0.07612470537424088,8.37506888076801,-1.4467221765130287,0.6583507657051086,6.6314996947367995,6.8051514724247095,-0.6308781504631042,inf
1658162100,4,0.005941678030072742,1.3528732928611995e-05,0.269817856172,0.07581861187429231,3.816025748107905,2.5810974958985864,6.943045696987696,0.9975517392158508,-8.229972953271929,1.216976376876195,-0.7174564599990845,-3.4157841492488625,-6.766681681200955,-0.0768807902932167,8.40109084352738,-1.2686157450205986,0.6510916352272034,6.695691289207921,6.4527868379871025,-0.6463298797607422,inf
1658162102,5,0.02745411257821771,0.0003149565004060356,1.28815938639,0.13247672899788815,5.89385843199018,2.2819150474344143,6.984671289595032,0.9976494312286377,-8.237726098641804,0.9504941670677771,-0.7172061800956726,-3.1544620880439336,-6.807547498111869,-0.07785508036613464,8.430396127079366,-1.0910194214262108,0.6445091366767883,6.748940161498884,6.0936754968126845,-0.6571502685546875,inf
1658162105,5,0.05824608099652281,0.0013826697714367149,2.69644210546,0.18942948460580472,8.840518950451564,1.9832524016234192,7.025514400197434,0.9977163076400757,-8.245230016717493,0.6839735081742079,-0.7168272137641907,-2.8936716649945446,-6.848711549908086,-0.07838794589042664,8.462053303126448,-0.9138258105314827,0.6405085325241089,6.7948633152909315,5.729691359678602,-0.6636908054351807,inf
1658162107,5,0.10683135194827567,0.004601641440251732,4.90436171204,0.28737853369384725,13.191861561736504,1.6844307100843203,7.06591678382368,0.9977584481239319,-8.252394669191661,0.417548987056596,-0.716353714466095,-2.632676237459908,-6.89021051543444,-0.07901056110858917,8.495052990632782,-0.7368768389935251,0.6382061243057251,6.836647201514944,5.361908814530393,-0.6672222018241882,inf
1658162109,5,0.16948384519065599,0.01154239418347,7.7340064386,0.34022923755863255,15.16334143856136,1.3849944193485357,7.106119000550995,0.9977830052375793,-8.25917407013411,0.15130650951400104,-0.7158451080322266,-2.370994896386984,-6.9320742153421495,-0.07931249588727951,8.528672277876334,-0.5600614882126249,0.6375135183334351,6.876422611033511,4.991046739282158,-0.6688914895057678,inf
1658162111,5,0.23917449397522872,0.022926120195054026,10.8137963289,0.3688786194830386,16.002881135017724,1.084643150072145,7.146287899978632,0.997795581817627,-8.265555679239062,-0.11470100735604062,-0.7153298854827881,-2.1083636081603094,-6.974052131556322,-0.07898624241352081,8.562054801379393,-0.38354838771001526,0.6386207342147827,6.915559276543846,4.617615861827425,-0.66933274269104,inf
1658162113,6,0.3121831360437531,0.03898994916497362,14.0024370177,0.3845577109055502,16.403065919919932,0.7837303270177707,7.186464479340655,0.9977996349334717,-8.27154936334871,-0.3804476579296728,-0.7148609757423401,-1.8446157281910411,-7.015860138217236,-0.0782443955540657,8.59429719846846,-0.20767307356040338,0.6412705779075623,6.955053718913003,4.241991419768039,-0.668912410736084,inf
1658162116,6,0.38639512062787634,0.05973602599361588,17.2076687852,0.3932958161612597,15.69983938872413,0.4828180998274296,7.226645520954123,0.997796356678009,-8.277298844810389,-0.646041734658717,-0.7146558165550232,-1.579391059968475,-7.0576741617795795,-0.07809648662805557,8.625362578708163,-0.031793482107811896,0.6435912251472473,6.995229623256837,3.865646664375128,-0.6682133078575134,inf
1658162118,6,0.46061881215482287,0.0847484138873038,19.9477922712,0.39913449292737196,13.091566949571572,0.18192390954043072,7.266885433664113,0.9977877140045166,-8.282993334072893,-0.911640847666552,-0.7146607637405396,-1.3129792602910433,-7.099772109532039,-0.07847486436367035,8.655414074270844,0.14516157981171807,0.6463775038719177,7.0364169856896694,3.489411385399628,-0.666981041431427,inf
1658162120,6,0.5343479094648748,0.1131258200564217,22.1764923314,0.3998642569376541,10.402001397830519,-0.11868803217106871,7.307187705624727,0.9977754950523376,-8.288761640377576,-1.1773503374758316,-0.7148064374923706,-1.0465936451967626,-7.142226906664561,-0.07930383086204529,8.684003349004133,0.32287597961457853,0.6500298976898193,7.079211991680618,3.1133557731409445,-0.6651674509048462,6.647868633270264
1658162122,6,0.6074520428091433,0.1443625420877674,23.9594258592,0.4024162918213057,7.138044124329648,-0.4185976119055002,7.347522580714526,0.9977607131004333,-8.294689621047837,-1.4432396233082803,-0.7150452733039856,-0.7802964624772416,-7.185232736454616,-0.08045507967472076,8.710752337348598,0.5008765350236534,0.6540597677230835,7.124045052488046,2.7375377995716126,-0.6630566120147705,inf
1658162124,7,0.6799792853345568,0.17744156943298572,24.9701038268,0.40325339086019746,3.8095313115721483,-0.7175108395498577,7.387926086674555,0.9977203607559204,-8.300806948229031,-1.7093469231455187,-0.7152143120765686,-0.5141064168417956,-7.228896835117235,-0.0815906897187233,8.73568323710903,0.6791409802155328,0.6577454209327698,7.170913844528779,2.3619681488513002,-0.6611723899841309,inf
1658162127,7,0.7521661324312412,0.2115037493423335,25.5283174124,0.4033997670222332,2.855270445197012,-1.0151318092516037,7.429290704610049,0.9975271224975586,-8.306720861394641,-1.9755812319419066,-0.714618444442749,-0.24794615897387967,-7.272742435663365,-0.0813375785946846,8.758964873787637,0.8576284232320619,0.6610842943191528,7.219195517522237,1.9867467372670935,-0.6600690484046936,inf
1658162129,7,0.8240374283027437,0.24638244500591366,26.3227812707,0.4037948230783404,5.009466371277615,-1.3111969941834987,7.472790056461151,0.9971994757652283,-8.311893780700457,-2.2418023843105117,-0.7134288549423218,0.01829562628808805,-7.316089736354382,-0.08001378178596497,8.780798504588754,1.0362989297905065,0.6639227271080017,7.267953318021343,1.6130614466576476,-0.659663736820221,inf
1658162132,7,0.8953357080051427,0.2825069550802692,27.4768635737,0.40394455358939135,6.5993007724313095,-1.6055360561846008,7.519176063774127,0.9967642426490784,-8.315979795848701,-2.5079162146198293,-0.7118654847145081,0.2846890232249342,-7.358494699990039,-0.07799729704856873,8.8014105035404,1.2151146035660276,0.666298508644104,7.3164559226858925,1.2421410840922884,-0.6597325205802917,inf
1658162134,7,0.9658174914071429,0.32022121246797264,28.8652112757,0.403844856404406,7.505686060720022,-1.8980434607634757,7.5688969832221344,0.9962410926818848,-8.318771223125948,-2.7738600196181027,-0.7100810408592224,0.5512749939650482,-7.399671126613161,-0.07553838938474655,8.82099712219059,1.3940455785564194,0.668286919593811,7.3642283812111184,0.8747959678893183,-0.6601089835166931,inf
1658162136,8,1.0353181118459966,0.3597396486864503,30.4081026458,0.4039257926887972,8.104575858904015,-2.188712018944716,7.622079253133549,0.9957150816917419,-8.32020693589595,-3.039606492304833,-0.7084284424781799,0.8180734516235981,-7.43942374742819,-0.07270538061857224,8.839710019161908,1.5730700779910034,0.6700403094291687,7.41097312423945,0.5114103450061768,-0.6607595682144165,inf
1658162138,8,1.1036970893434763,0.4011718319452597,32.0406127308,0.40406785090124614,8.49921442439953,-2.4783752542508504,7.677070370226677,0.9955825209617615,-8.321036234958404,-3.305365849494699,-0.7082540392875671,1.085131362886799,-7.4774169166838576,-0.06910896301269531,8.857507394998672,1.7521878440946599,0.6720675826072693,7.456488031615176,0.14990558702074955,-0.662010669708252,inf
1658162140,8,1.1708358541787043,0.44456296011867646,33.7265208804,0.40379146023874474,8.542406382251517,-2.7681598192573182,7.731583308092014,0.9957818388938904,-8.32229791555722,-3.5714336606125134,-0.7092589735984802,1.3524794565057632,-7.5133101080715505,-0.06501466780900955,8.874238973477832,1.931408243878095,0.6743772625923157,7.500669678861357,-0.21269125795434116,-0.6636320948600769,inf
1658162142,8,1.236652116562606,0.48991506648481464,35.4268515031,0.4037442774535103,8.636735966386745,-3.0588196752468764,7.784074946521895,0.9961839914321899,-8.32469268130231,-3.8380069909853165,-0.7110335230827332,1.6201236552106935,-7.546923578950793,-0.060685474425554276,8.889783051155032,2.110735483352626,0.6769043207168579,7.543523763672101,-0.5783613766285848,-0.6653832793235779,inf
1658162144,8,1.301097643441374,0.537213562059099,37.1385881863,0.4037159292904822,8.672631547239186,-3.3508495292304783,7.833540069176019,0.9966874718666077,-8.328676996785546,-4.105215694932795,-0.7132893204689026,1.8880522714553407,-7.578189057752626,-0.056296516209840775,8.904043967705315,2.2901692765582755,0.6796002984046936,7.585143121382959,-0.9484059993761289,-0.6670957207679749,inf
1658162146,9,1.3640843166226813,0.5864080612061878,38.8560026989,0.40366204902200203,8.682718020207338,-3.6445465958073164,7.879405556114836,0.9971935749053955,-8.334562018696301,-4.37313364007872,-0.7159500122070312,2.156238479815371,-7.607163609771451,-0.052326444536447525,8.91694590467923,2.46970586370745,0.6824209690093994,7.625731745722763,-1.3234128189630034,-0.6683991551399231,inf
1658162148,9,1.425591355217501,0.6374684229859197,40.4894517057,0.4040650397489685,6.689370385213679,-3.939734159023783,7.922187263359259,0.9975352883338928,-8.34292659907808,-4.641623893992286,-0.7195247411727905,2.42456404143233,-7.6347437426795235,-0.050736427307128906,8.928443458891508,2.649337836662954,0.6852969527244568,7.6661786869842965,-1.6997285530956097,-0.6679407954216003,inf
1658162151,9,1.4860478827902426,0.6898476923001147,41.116513275,0.40400949342249676,0.34118654343937005,-4.236037364089295,7.962855197929976,0.9977552890777588,-8.3543823134704,-4.910469507147248,-0.7237064838409424,2.692326703199967,-7.662044624062842,-0.05101481080055237,8.93849901854355,2.8290562637153367,0.6882599592208862,7.707957118569863,-2.0758984322341325,-0.666128396987915,inf
1658162153,9,1.5464255945862166,0.7423011573768103,40.7241702839,0.40375132664327557,-3.7770398271902894,-4.533199928308818,8.002096474591054,0.9978980422019958,-8.369265996573054,-5.179528139400623,-0.728165328502655,2.9582360765200146,-7.689728475991154,-0.05253306403756142,8.947041451439034,3.0088529089416163,0.691376805305481,7.75211060262064,-2.451796529218174,-0.6634654998779297,inf
1658162156,9,1.6074504162739989,0.7939659894259921,39.7097444435,0.40383354334163607,-6.182701285657148,-4.83104937849111,8.040391921012423,0.9979904294013977,-8.387695363662587,-5.448616004340453,-0.732653021812439,3.2214059223223264,-7.71820772362994,-0.054852183908224106,8.953978103232467,3.1887185936986473,0.6946746110916138,7.799255900601763,-2.827330834951175,-0.6603144407272339,inf
1658162158,10,1.6695386775227747,0.8443192893956185,38.3371578244,0.4035631120171466,-7.564608073761595,-5.1294817746895776,8.07806946281245,0.9980536103248596,-8.368843814422803,-5.684668721639599,-0.6085862517356873,3.481346222761933,-7.747722378717026,-0.05764557421207428,8.959276806503498,3.3686401086943416,0.697654128074646,7.849640432009852,-3.202440340431156,-0.6571629643440247,inf
1658162160,10,1.7328791925604061,0.8930525194479547,36.8570825684,0.40300312797533194,-6.30127013867783,-5.428617001710273,8.115209508279852,0.9981203079223633,-8.271369311717606,-5.855496938776833,-0.42987215518951416,3.738545919276744,-7.778456631708511,-0.06063864007592201,8.963978646986922,3.548578665217583,0.6974692940711975,7.902414641270309,-3.5771115046344635,-0.6552937030792236,inf
1658162162,10,1.7971482734482567,0.9405526292691826,36.2861387217,0.4033862966492994,-0.3805041987753595,-5.7060231846006975,8.121135271080458,0.9970157742500305,-8.120014803247235,-5.982887933166282,-0.2929703891277313,3.9938109668526423,-7.810527314571744,-0.06365260481834412,8.969688440162837,3.7284874207519376,0.6943238377571106,7.956368596418966,-3.9513507862807447,-0.6544402837753296,inf
1658162164,10,1.8614895806500251,0.9880243960762608,36.6885377112,0.40336154413500563,3.4697681638913056,-5.90949291099305,8.025827765447028,0.9520225524902344,-7.931140493129378,-6.081621504468427,-0.20883873105049133,4.2476227829954825,-7.84393852897026,-0.06653320789337158,8.977713593094697,3.908306576644745,0.6887577176094055,8.010689547887905,-4.325213354078803,-0.6542823314666748,inf
1658162166,10,1.9251720527189566,1.0363882425580917,37.9264921527,0.4029229148478473,8.576544219117858,-6.06072441104172,7.8595306479675235,0.8895983695983887,-7.715505363309383,-6.161652122837988,-0.15921342372894287,4.500282611214554,-7.8786074590273945,-0.06915230304002762,8.989088999719263,4.087943561374217,0.6812511086463928,8.064803570019995,-4.698801808683095,-0.6546492576599121,inf
1658162168,11,1.987346291413598,1.0866588487172804,40.119073991,0.4025001191010345,12.48204100368744,-6.177170151260514,7.646111558296798,-0.8426670432090759,-7.480276581308239,-6.229566187687702,-0.12958717346191406,4.75201675320808,-7.914362436284654,-0.0712207704782486,9.004486856797842,4.267280228963272,0.6731197237968445,8.118274619246165,-5.072291939317782,-0.6553903818130493,inf
1658162171,11,2.047163747157234,1.1395336438466848,42.9049806049,0.4023001562035498,14.904174433875268,-6.269842181235826,7.401512784353649,-0.811530351638794,-7.231974698641987,-6.2897036886872515,-0.11246780306100845,5.002949239937791,-7.950594299221705,-0.07171434909105301,9.02252216803291,4.44637400451412,0.6698582768440247,8.171097550006222,-5.446415107429432,-0.6561217308044434,inf
1658162172,11,2.1041371190961677,1.1954191280590305,46.032430574,0.40247539411004657,16.236467431240474,-6.3456571698378434,7.136385809669644,-0.7908147573471069,-6.976151663042425,-6.344914591043922,-0.10256019234657288,5.251892757112649,-7.986796518135422,-0.07319063693284988,9.040723786279003,4.625451163119567,0.6713241338729858,8.220002862782305,-5.710297942695761,-0.6010919809341431,inf
1658162175,11,2.1578483847563787,1.2543979032105994,49.3410822615,0.4027018093649913,16.99029954673022,-6.40927880410416,6.8577701615802935,-0.776597261428833,-6.716497548497415,-6.397056002943643,-0.09694831818342209,5.501845812139109,-8.027794878460549,-0.08246783167123795,9.05707701033669,4.804705087041524,0.6765955090522766,8.257727977637442,-5.751534737018217,0.34021449089050293,inf
1658162177,11,2.2079906985593984,1.3164048254293919,52.7447954613,0.4024303824869511,17.28913543706009,-6.463863800124098,6.570317618900766,-0.7664515376091003,-6.455453197358841,-6.4473502525696755,-0.09402047097682953,5.724612681555377,-8.024293368121029,0.11445391178131104,9.06994110080684,4.984240849386711,0.684898316860199,8.284380745720963,-5.649818405094133,0.6433542966842651,inf
1658162179,12,2.2543349523322402,1.3812885634639627,56.1857708556,0.4024656388266877,17.439478673704247,-6.511603816806943,6.277105524554033,-0.7591012120246887,-6.194522565851832,-6.49652317058732,-0.09209433943033218,5.886702391589698,-7.931386111154893,0.34190478920936584,9.078011630689083,5.164053681238174,0.6952928304672241,8.312882128744855,-5.456864101058371,0.6560354232788086,inf
1658162181,12,2.2966992040894594,1.4488374073307835,59.5927389752,0.40254164087749605,16.413692538803268,-6.554742475681756,5.980208890198943,-0.754666268825531,-5.932987374405056,-6.543734425499681,-0.08679112046957016,6.008928939615834,-7.781160236209063,0.47416824102401733,9.080836993256927,5.344025491411483,0.7056318521499634,8.346549248972218,-5.203934837572359,0.6606837511062622,inf
1658162184,12,2.3352489059978856,1.5186554892900264,62.4923562284,0.4027703478741927,13.312959287845809,-6.595309090880908,5.681027512744122,-0.7523028254508972,-5.669197522173925,-6.587544044191023,-0.07887379825115204,6.1061194929446785,-7.595740731788788,0.5396617650985718,9.07851324894432,5.524004733882139,0.7156067490577698,8.381406579967814,-4.909435547869982,0.6666014194488525,inf
1658162186,12,2.370581910155638,1.5902284160115072,64.892775826,0.40304049785955237,11.287066445030579,-6.634669706900689,5.380487103288043,-0.7513073086738586,-5.40260206727696,-6.62694897373295,-0.06945256143808365,6.188129508241665,-7.389485098743575,0.5729706883430481,9.060257819517828,5.6938519086604416,0.7704895734786987,8.414387479907925,-4.586372853122805,0.672512412071228,inf
1658162188,12,2.403302295997246,1.663101421294559,66.4994784508,0.4034685901635136,4.42664528727756,-6.673705615780283,5.079424182902302,-0.7512146234512329,-5.13504254596651,-6.66106220525695,-0.05923407897353172,6.260779809392601,-7.171392581139891,0.5912320017814636,9.013742726240556,5.842925699992761,0.8270154595375061,8.444251502215735,-4.24402101809711,0.677617073059082,inf
1658162191,13,2.4349073630175897,1.736525934261257,66.7273238152,0.40358426288253907,-1.3765696715845779,-6.712991021817234,4.778393745778511,-0.751677930355072,-4.866844252019588,-6.689731500547356,-0.04978211596608162,6.3274177297661,-6.947044137894118,0.6016913652420044,8.944608029966599,5.977901674526532,0.8681199550628662,8.470907451046685,-3.8886941931352252,0.6816322207450867,inf
1658162193,13,2.4668463968207286,1.8098102623826837,66.0602048727,0.4034629701311408,-4.8598637484698255,-6.752800037617592,4.477432119597639,-0.7522937655448914,-4.59833122162177,-6.715322327263798,-0.046770889312028885,6.390772057281087,-6.7190401283300165,0.6068026423454285,8.858043789378037,6.1039742228754905,0.8941389918327332,8.495001228679872,-3.524025629241504,0.6844145655632019,inf
1658162195,13,2.500001147433294,1.8825580196689535,64.8708254995,0.4035379259283987,-6.862678932284777,-6.793210388755787,4.176550654408155,-0.7529754638671875,-4.329824059053837,-6.7409748604699535,-0.04868420585989952,6.452967883810245,-6.488297523619827,0.6087672114372253,8.758560960550211,6.2246018209013,0.9102560877799988,8.517323896329573,-3.152035528900232,0.6862752437591553,inf
1658162197,13,2.534854167586327,1.9544948190423956,63.3918797911,0.4034832881550708,-7.9488919823209105,-6.8342658238567005,3.8757565379486763,-0.7536935806274414,-4.061684776007246,-6.7687339130318644,-0.0538175106048584,6.515246723712338,-6.255287064393315,0.6089961528778076,8.64952175282911,6.341820317182478,0.9205081462860107,8.538458339654321,-2.7747664709124162,0.6874693036079407,inf
1658162199,13,2.571560804564357,2.0254952814383467,62.0135314395,0.40351118784833756,-5.7376293551229685,-6.875988644343096,3.5750542699779966,-0.7544278502464294,-3.7954475620776758,-6.799809259779925,-0.06114811450242996,6.578296016397017,-6.020221002815335,0.6083628535270691,8.533512817446674,6.456711082247197,0.9272461533546448,8.558787702298467,-2.3968296793357484,0.6880292296409607,inf
1658162201,14,2.609658689652638,2.0957821239068806,61.1415125447,0.40359329060000154,-3.445366111238065,-6.918371049941038,3.274444246743146,-0.7551021575927734,-3.532598312014865,-6.8348503786731545,-0.06945745646953583,6.642416368847765,-5.7831133577629,0.6074298024177551,8.412550886961627,6.56978837333408,0.9320812821388245,8.578753143791523,-2.0188734780961646,0.6884047985076904,inf
1658162203,14,2.6486052091959325,2.165631224752542,60.5846523272,0.4037360835995594,-3.0295127048856045,-6.961164371858214,2.9738924007762204,-0.755384624004364,-3.2724058871903963,-6.873183705867424,-0.07511503249406815,6.707958730556028,-5.543643588956624,0.6060565710067749,8.286933007203107,6.680581050926184,0.9377065896987915,8.597598515806022,-1.6408601002441907,0.6900091767311096,inf
1658162205,14,2.688348184070654,2.2350315599792467,59.7469856344,0.4036108198131492,-5.181702393365183,-7.00403836625525,2.6733520456469275,-0.7553598880767822,-3.0132061426450534,-6.91360379015988,-0.07845334708690643,6.775238753407968,-5.301346823933682,0.6045416593551636,8.155891235923061,6.788170011619522,0.9440708756446838,8.614147621117754,-1.2627396768343297,0.6925404071807861,inf
1658162208,14,2.7293295705151133,2.3037147323913176,58.5562144987,0.4037161212108174,-6.661096007934177,-7.0467725542923585,2.372791785833268,-0.7551337480545044,-2.753878978228023,-6.95529241906373,-0.08021232485771179,6.84442479481686,-5.055858706165243,0.6030063629150391,8.018734362038183,6.891753461576803,0.9508606195449829,8.627665774301429,-0.884499126377887,0.6956309080123901,inf
1658162210,14,2.7719525772308957,2.3713730118321448,56.8891733526,0.40363636519922236,-10.354998963128828,-7.089223615030494,2.0721914151044243,-0.7547776103019714,-2.493684486639892,-6.997704820060543,-0.08091603964567184,6.915597198462666,-4.806896859142214,0.6015377640724182,7.874852963844523,6.990564662499646,0.9578320980072021,8.637701812977127,-0.5061504254496753,0.6990550756454468,inf
1658162212,15,2.816942832437442,2.437431857108348,54.493197445,0.40331407280749226,-13.452264835649775,-7.131297766427423,1.7715380663237987,-0.7543289065361023,-2.232158802109964,-7.040446884738736,-0.08071856200695038,6.9887921955967185,-4.554309314711336,0.6001247763633728,7.723766199248736,7.083820359873975,0.9646240472793579,8.644022334515538,-0.12774391460394027,0.7025269269943237,inf
1658162214,15,2.8648890822485087,2.5012830015726153,51.6693630315,0.4029638436863879,-14.29713104328118,-7.172895923397138,1.4708185038734778,-0.7537625432014465,-1.969374888732895,-7.082726243631397,-0.07877272367477417,7.063714030335939,-4.2989441813137415,0.5988319516181946,7.566531733385625,7.171173770494758,0.9700779318809509,8.64712222423425,0.2506314720689246,0.7052150964736938,inf
1658162215,15,2.915838153316962,2.5627346776727364,49.0712144312,0.402965762137608,-12.283028444124541,-7.21392737002641,1.1700211041392106,-0.7531131505966187,-1.7056420628866529,-7.1236625922193975,-0.07554896920919418,7.139946823856854,-4.042056574219957,0.5976352691650391,7.4059170278217765,7.252412011522136,0.9743091464042664,8.647794603529862,0.6289633451394421,0.7072438597679138,6.018726348876953
1658162218,15,2.96935478289674,2.6220001865501827,46.8093951475,0.40317727351975013,-10.852017348249356,-7.25433462664514,0.8691392262773961,-0.7524117827415466,-1.441169452531793,-7.162683659378209,-0.07151229679584503,7.217140380498677,-3.7845038519152423,0.5966184139251709,7.2427222027903415,7.328340093098298,0.9776596426963806,8.64661238081677,1.0072463263350746,0.7087998390197754,5.918792247772217
1658162220,15,3.024995364486059,2.6793184797370357,45.0239385632,0.40332581987834165,-7.1399418531661425,-7.294083123883368,0.5681696180851649,-0.7516799569129944,-1.1760962807290232,-7.199429349575449,-0.06697183102369308,7.294977596768835,-3.5268580975828763,0.5958393812179565,7.07744857105242,7.399634164806226,0.9803709983825684,8.643995747190159,1.3854846246351733,0.7100054621696472,inf
1658162222,16,3.082052544044948,2.735280575651468,43.9664529136,0.403478750051711,-4.044727453093738,-7.333159436526614,0.26711199725276175,-0.7509540915489197,-0.9105203042789739,-7.2337540935599645,-0.06264594197273254,7.373113914634424,-3.269484910136477,0.5955357551574707,6.910496490860963,7.466907958387581,0.9825106263160706,8.640243442281532,1.7636949018624752,0.7110108733177185,inf
1658162224,16,3.1399142789422996,2.790485042187442,43.434431673,0.4036441365929287,-1.065083436244243,-7.371642568467597,-0.03402204352778606,-0.7503605484962463,-0.6445674277620239,-7.2667255547998435,-0.06134621053934097,7.450896516876446,-3.01238813920021,0.5963956117630005,6.742345781398122,7.531132412306634,0.9839112162590027,8.635288722771673,2.1419426882740975,0.712224006652832,inf
1658162226,16,3.197929648510092,2.845533369075709,43.6978146832,0.4037061539673202,3.1578838093793156,-7.409648873243538,-0.33521664921353533,-0.7498792409896851,-0.37836449090618607,-7.299837764373904,-0.06241367384791374,7.527647280646842,-2.75541658850741,0.5981543660163879,6.573464971689499,7.593414704560363,0.9847133159637451,8.628917641074302,2.520307469355955,0.7135869860649109,inf
1658162228,16,3.2553429941828136,2.9012044062423805,44.6209856856,0.40363219604881967,5.770500557599326,-7.447263592096948,-0.6364604164106589,-0.749480128288269,-0.11199799868351433,-7.334074792339974,-0.06500551849603653,7.6028710236451,-2.4984859278571023,0.6005733609199524,6.404229006418632,7.654726712497399,0.9850264191627502,8.62102860544801,2.898708177802785,0.7150083780288696,inf
1658162230,16,3.311631687196603,2.9579934706585123,45.9347356352,0.4036006129741308,7.277578979521054,-7.484550177771424,-0.937744979291843,-0.749143123626709,0.1544752792628587,-7.370068617519014,-0.06856385618448257,7.676202165578104,-2.241556834513023,0.6034659743309021,6.235164938343343,7.715841219151892,0.9849256277084351,8.611598885335383,3.2770736296607472,0.7164254784584045,inf
1658162232,17,3.366470403664425,3.0161630645045654,47.4686448928,0.40353437784745855,8.11061924072626,-7.521574002253808,-1.2390619520767434,-0.7489218711853027,0.42101582554194716,-7.40818542507116,-0.07249901443719864,7.747370999525878,-1.9845848331130325,0.6067771911621094,6.067142930361539,7.777252102923275,0.984545886516571,8.600699223707867,3.655399655647816,0.7176611423492432,inf
1658162234,17,3.419674959997323,3.0758359753447224,49.069312653,0.4036514146712021,7.454077936412568,-7.558636028169734,-1.540374224669088,-0.7491535544395447,0.6875338845758802,-7.448145393516332,-0.07543797045946121,7.81607264529796,-1.7270611301466012,0.6108484864234924,5.899999383966697,7.838687140158164,0.9845892786979675,8.589018550521793,4.033702547446127,0.7180033922195435,inf
1658162236,17,3.4713942877793187,3.136806003264205,50.2186696012,0.40358392191741627,4.548753894232198,-7.596110357643338,-1.8416354637348669,-0.7497345805168152,0.953927650747144,-7.48940303838634,-0.07753541320562363,7.882012348836389,-1.4682966994356743,0.6154760122299194,5.732924372018376,7.899376958142912,0.9851046204566956,8.577456011567914,4.412007765514229,0.7176305055618286,inf
1658162238,17,3.5221485769188647,3.1985728028658547,50.8960304708,0.4037361057699583,2.599064796971784,-7.63424408761857,-2.142813911534137,-0.7505404353141785,1.2201321811246508,-7.5315813895182355,-0.0790596678853035,7.945000188577515,-1.207799915633611,0.6204172968864441,5.565276892558212,7.958581288317944,0.9860251545906067,8.566633776695369,4.790249192826474,0.7167724370956421,inf
1658162240,17,3.5723717445711616,3.260823264072066,51.2711849742,0.4037609468753088,1.3937810839575382,-7.673193466617387,-2.4438879368779456,-0.7514849901199341,1.4861069853870088,-7.574420384561142,-0.08018497377634048,8.004904018460424,-0.945258722802158,0.625555694103241,5.396569013911393,8.015614443570467,0.9872556924819946,8.556969234187058,5.168263699394021,0.7155944108963013,inf
1658162242,18,3.6222993618923174,3.323321053454652,51.4642068282,0.4038187652318113,0.6764893340632852,-7.7130377606145135,-2.744844833801944,-0.7524520754814148,1.7518197338184691,-7.617701446800396,-0.08079518377780914,8.061473511736873,-0.681511236044949,0.6304309368133545,5.226462806556174,8.069868622391105,0.9886929988861084,8.548673552358277,5.545945902805363,0.7143946886062622,inf
1658162245,18,3.672093233917653,3.385941088249064,51.5068674,0.40379849731433365,-0.7746511369112091,-7.753606863018633,-3.0457049435912817,-0.7531124353408813,2.017133441514456,-7.660730909549339,-0.07977381348609924,8.115322753426268,-0.4171940482713069,0.6338352560997009,5.055175768377963,8.120675707721174,0.990247905254364,8.542932345996444,5.760861856629776,0.7163054943084717,inf
1658162246,18,3.722102736797049,3.4483632086312728,50.9828504963,0.4038084899987913,-4.0796194401962005,-7.794633578697512,-3.3465030206482416,-0.7535189390182495,2.281877716022579,-7.70267787848402,-0.07749447971582413,8.167569044528717,-0.1525546691968392,0.6351436376571655,4.883234980593122,8.167415310826016,0.9918393492698669,8.549960669192634,5.783975009561989,-0.5415042638778687,inf
1658162249,18,3.7729821816054105,3.5100761906434044,49.9388566225,0.4037223446702319,-6.178750262738598,-7.835932020036118,-3.647263922661988,-0.7537515759468079,2.5459382520313922,-7.742996356078462,-0.07439084351062775,8.220984444839088,0.11066734061831737,0.6303425431251526,4.711104431948048,8.209593621072328,0.9934087991714478,8.574646618934105,5.671747322260578,-0.6506637930870056,inf
1658162251,18,3.825149493948848,3.570680088645437,48.5751175404,0.40365855970221337,-7.446721493898653,-7.877374610371811,-3.9480050001022153,-0.7538650035858154,2.8092382104506535,-7.781342713089451,-0.07076216489076614,8.279348105266475,0.36754365294037566,0.6187087297439575,4.539178760049046,8.246834871560932,0.9948985576629639,8.589128013593928,5.474588231377112,-0.6955559849739075,inf
1658162253,19,3.8788445112193135,3.629925585412618,47.0266104209,0.4035326730675413,-8.144534298757623,-7.9188710957625705,-4.248738646976677,-0.7538853883743286,3.0717923708041894,-7.817545200429317,-0.06697382032871246,8.344827903139194,0.6145735898547627,0.6037151217460632,4.36774907689872,8.27890741409227,0.9962363839149475,8.58474700112708,5.228834112697745,-0.7230332493782043,inf
1658162255,19,3.9341464016981647,3.6876386558811847,45.46983035,0.40356122575007075,-6.355526081107708,-7.960317504778885,-4.549479197843891,-0.7537810206413269,3.3346423589466587,-7.851998790577866,-0.06399992108345032,8.416986989559737,0.8525728674000782,0.5909436941146851,4.196422250517842,8.306143061709976,0.9972862601280212,8.563183459804158,4.954329068493758,-0.7404940128326416,inf
1658162257,19,3.9906070299791034,3.7442382228507194,44.8751926306,0.40364635138838684,-0.2927631044337949,-8.001616452746847,-4.850240031107287,-0.753587543964386,3.599183989355746,-7.885316524317786,-0.06175421550869942,8.493724462940733,1.0856460125314047,0.5838956236839294,4.024432089835743,8.329182867676886,0.9980757832527161,8.52844002119182,4.660465030153335,-0.7512558102607727,inf
1658162259,19,4.0471484221974,3.8007894700950815,45.264219499,0.40373636446946454,3.6546912922020556,-8.042706598930122,-5.151029459533696,-0.7533401846885681,3.866228405062578,-7.9179092569163645,-0.060038041323423386,8.572163326608177,1.3185352173285136,0.5841057896614075,3.8511280245323674,8.3486274617453,0.9986507296562195,8.484748975111406,4.35133504170213,-0.7567487955093384,inf
1658162261,19,4.102974393879285,3.8580452027432015,46.2621379301,0.40361427543151845,6.063541802804654,-8.083553592846926,-5.451852002812019,-0.7530651688575745,4.134066718935651,-7.949797789295841,-0.058712929487228394,8.648735375747336,1.55510383344796,0.5919515490531921,3.675961743976018,8.365031045268521,0.9990594387054443,8.436596323653463,4.028904549344241,-0.7574077844619751,inf
1658162263,20,4.157586461944196,3.9164412918504143,47.6181560112,0.40357464880482735,7.4372719682016015,-8.093263014336657,-5.730601287135025,-0.6561581492424011,4.401973317898855,-7.981107862303837,-0.05791567265987396,8.719100857690085,1.7978338963718485,0.6073801517486572,3.498508850531595,8.378895987823459,0.9993412494659424,8.389105832837723,3.69456667549084,-0.7529818415641785,inf
1658162265,20,4.210688000504664,3.976202296444484,49.1251474198,0.4035392192074381,7.119695592008984,-8.001268255054763,-5.9358163264816515,-0.4638945758342743,4.669870197563588,-8.012500824697751,-0.05874517932534218,8.778344241197956,2.0480228522383204,0.6294758915901184,3.3191199337977433,8.390772550167686,0.9995152354240417,8.348422007931834,3.349461182548912,-0.7429845333099365,inf
1658162267,20,4.262375997370165,4.037197813406312,50.2280083275,0.40360795767662144,4.402524741001555,-7.8380321576950855,-6.088052578793504,-0.31053271889686584,4.93766425252062,-8.044757829792914,-0.060804031789302826,8.82317444510106,2.305511805783561,0.6523991227149963,3.1394221878762485,8.401194157480202,0.9996157288551331,8.319247512636755,2.995332954459935,-0.7307480573654175,inf
1658162270,20,4.313147096348694,4.09898153208178,50.8871555354,0.40373620389568804,2.5549497634490455,-7.627594618625515,-6.204006820406488,-0.2155754119157791,5.205289500420027,-8.078385346954665,-0.06363926082849503,8.855012132757427,2.5690778911035106,0.6698493361473083,2.959673871134078,8.41070768504631,0.9996684789657593,8.301161036377849,2.6344670152383847,-0.7208541631698608,inf
1658162272,20,4.363380971717151,4.161219054809189,51.2579027518,0.4037535899835019,1.388976205616983,-7.385838883243187,-6.294949085376192,-0.158678337931633,5.47269851835854,-8.113690285780145,-0.06692688167095184,8.87666303519828,2.8372459338571874,0.6830253005027771,2.7799024096566507,8.419775030038059,0.9996883273124695,8.291766776608954,2.2686263303161693,-0.7132245898246765,inf
1658162274,21,4.413321226278164,4.223703504192376,51.4519931065,0.4037880857914898,0.6966236932144749,-7.123264684270644,-6.368524806746166,-0.12367209792137146,5.707869808214589,-8.106688499419755,0.11180609464645386,8.890059491869426,3.1066527554198538,0.6930890083312988,2.6001268615698643,8.4287612545225,0.999687910079956,8.289221779947933,1.8990293916192804,-0.7073729634284973,inf
1658162276,21,4.4631218291516,4.286307675845741,51.497516789,0.40386153254732254,-0.7955533644241061,-6.84699226230409,-6.430627854327971,-0.10299531370401382,5.879461979536909,-8.015228419649715,0.32202666997909546,8.897161474840011,3.376302413116017,0.7005249857902527,2.4203476260347925,8.437673253187784,0.9996989369392395,8.291278399883536,1.527291276433299,-0.7039766311645508,inf
1658162278,21,4.513135309439251,4.348717934514593,50.9783514947,0.4035933157374492,-4.071675627881264,-6.561852816762115,-6.485722034456217,-0.09107808023691177,6.008995304727207,-7.870544485183028,0.45563939213752747,8.89942367610194,3.6460376792306555,0.7063566446304321,2.2405548454108213,8.446307202892276,0.999722421169281,8.296198244142952,1.1553040743498304,-0.7005841732025146,inf
1658162280,21,4.5640219787264575,4.4104307985141045,49.9350295186,0.4037578549127561,-6.180746352216782,-6.271039437221686,-6.536797444592842,-0.08455091714859009,6.108669346733136,-7.693198991978628,0.5306771993637085,8.897696673785102,3.9157776617748348,0.7112563848495483,2.060741285838265,8.454496360858629,0.9997543692588806,8.306194631009603,0.7832217533401402,-0.6957342624664307,inf
1658162282,21,4.616195155915347,4.471034535336486,48.5723339825,0.40367642658707387,-7.441552741000321,-5.976660741135196,-6.585847494877331,-0.08142518997192383,6.18976628564706,-7.496942009390994,0.5691106915473938,8.89249008090958,4.1851813941589375,0.7155849933624268,1.8809024359747424,8.462109245486573,0.999791145324707,8.320267329561602,0.4109730420329389,-0.6923956871032715,inf
1658162284,22,4.66989543691724,4.530280851058603,47.0242655691,0.4042370391177828,-8.1762128616592,-5.680094039957693,-6.634137227164843,-0.08010537922382355,6.260296408495884,-7.290131667419318,0.5884605646133423,8.884220613731594,4.45333593804954,0.7193610668182373,1.7010687590771905,8.46902690163771,0.999832808971405,8.337036395995828,0.03824770382880073,-0.6902886629104614,inf
1658162286,22,4.725214140856551,4.588007457126595,45.467703853,0.4033941845570153,-6.380412564730345,-5.382021478430802,-6.681593825017798,-0.07789243757724762,6.325805745446859,-7.077579191917011,0.5964516997337341,8.873432415162567,4.720659927617608,0.7223605513572693,1.5211647533613752,8.474893019217063,0.9998906254768372,8.35530198496751,-0.33557655388276636,-0.6893287897109985,inf
1658162288,22,4.781669655729832,4.644599493136081,44.8742578756,0.4035940196346564,-0.29981728849882333,-5.082737309543156,-6.727548756087104,-0.07482524961233139,6.3898397956302295,-6.86197952869465,0.5985795259475708,8.860592527197154,4.988145220332165,0.7247740626335144,1.34121787944888,8.479238888459323,0.9999487400054932,8.374138777592034,-0.7111396421977323,-0.6891469359397888,inf
1658162290,22,4.838208246845461,4.701146722694356,45.2638129165,0.40375114508495163,3.6460410184789014,-4.7824796322592,-6.7715496279659675,-0.07120899856090546,6.4541760361105505,-6.644724606364324,0.5979717969894409,8.846069219447351,5.2564443718005,0.7266862988471985,1.1612358022236062,8.481714385153756,0.99998939037323,8.392896191867809,-1.0887057529841835,-0.6895415186882019,inf
1658162292,22,4.894031622454938,4.758399938823949,46.2618402643,0.4035316703165924,6.047757469780552,-4.481775894398584,-6.813256648942215,-0.06725018471479416,6.5196978414935485,-6.426442668850028,0.5960070490837097,8.830200440359942,5.525657044660012,0.7281650304794312,0.9812372465766408,8.482072736848382,0.999998927116394,8.410929171657648,-1.4667589890084352,-0.6904727220535278,inf
1658162295,23,4.948642385520419,4.816794270469471,47.6180210807,0.40363838564863014,7.438323182333074,-4.18074578583421,-6.852539110630786,-0.06334327906370163,6.586902442150542,-6.2073480060793695,0.5935371518135071,8.763411471116925,5.749502834285863,0.8459149599075317,0.8012481618364194,8.480188876875799,0.9999713897705078,8.42764864992684,-1.844872454070432,-0.6918970942497253,inf
1658162297,23,5.0017435215332355,4.876554768145539,49.1252670719,0.4035731434997912,7.141802914627067,-3.879478578819461,-6.8899636475595125,-0.06088513135910034,6.655439598099614,-5.987222935873489,0.5923434495925903,8.637697343192231,5.9251690371261105,0.9105255603790283,0.6212849789884195,8.47656712003471,0.9999348521232605,8.442813264264784,-2.223051435429214,-0.6934364438056946,inf
1658162299,23,5.053437393692454,4.937556551678772,50.2276809856,0.40367072023803613,4.405069761625726,-3.5780838176902505,-6.9263482614777345,-0.05959175154566765,6.725009750785927,-5.765853889361217,0.5911943912506104,8.474889664232553,6.07783462260619,0.9394142627716064,0.4413424008311302,8.472023743727208,0.9999131560325623,8.456083190732397,-2.6012537884541884,-0.6954501271247864,inf
1658162301,23,5.1042055290571575,4.999336412685304,50.8873138273,0.403650877681949,2.5615544317994354,-3.2766311172944462,-6.962250184857202,-0.059080224484205246,6.795825958640557,-5.543325152246767,0.5895558595657349,8.285823636021242,6.21854066232955,0.9545382261276245,0.26140674063099456,8.467211480833809,0.9999116063117981,8.466872838087468,-2.9784094892141724,-0.6979513764381409,inf
1658162303,23,5.154512891541598,5.061506338361924,51.0125669244,0.4036670363217086,-1.380217780513853,-2.9751653953423904,-6.998042684290375,-0.05909132957458496,6.867976384738954,-5.319833938782766,0.5879380702972412,8.075850260586025,6.350560980293005,0.9645277261734009,0.08146454185337884,8.46265226415102,0.9999269843101501,8.4748827626294,-3.3528184909758187,-0.7005072832107544,inf
1658162305,24,5.205123606713447,5.123443579883043,50.373217732,0.40375073747860296,-4.6173156594310845,-2.6737177233291205,-7.033986792361932,-0.05952249467372894,6.941209385375725,-5.095585322762872,0.5865659713745117,7.848194656466013,6.473852754566445,0.9722338318824768,-0.09849326853210605,8.458762429841224,0.9999514222145081,8.480439044713009,-3.7234308986288993,-0.7025578022003174,inf
1658162307,24,5.256700882042178,5.184559260587851,49.2373401973,0.4037393957781353,-6.587416351335894,-2.372330194498581,-7.0704313019915315,-0.06061840057373047,7.016018187879363,-4.870855367303314,0.5835558176040649,7.6065411466448865,6.5871718604154035,0.9783637523651123,-0.27846837240803574,8.455781509069777,0.9999741911888123,8.484207409011233,-4.091144951132115,-0.7040103673934937,inf
1658162309,24,5.309634057738076,5.244479759080278,47.8099082235,0.40356997730945904,-7.704943413538089,-2.0710460758930007,-7.10772054539784,-0.062190018594264984,7.09322192344168,-4.645850953991241,0.5794268250465393,7.356659494388296,6.688701886336634,0.9832871556282043,-0.458457542951077,8.453830925120977,0.9999911785125732,8.486783167881589,-4.457634206760042,-0.7049662470817566,inf
1658162311,24,5.3641273049055025,5.302969560518441,46.2196049927,0.4035569495364209,-8.325321374138593,-1.769895251618782,-7.146071039518634,-0.06405237317085266,7.17329212540357,-4.4206567909304395,0.5746970772743225,7.102187588209321,6.778117927711048,0.987272322177887,-0.6384553532389805,8.453006807357601,0.9999995231628418,8.488602938516639,-4.824023106718878,-0.7055633068084717,1.7858105897903442
1658162313,24,5.420115541365887,5.360006799969039,45.0344597914,0.4041201218894395,-3.099545050700818,-1.4688981184486387,-7.185609470527525,-0.06607773154973984,7.256465009263329,-4.195264465748385,0.5698131918907166,6.843935573972504,6.855954233724146,0.9905348420143127,-0.818454615007174,8.453385714799564,0.999997079372406,8.48997267028937,-5.191052098411646,-0.705906331539154,1.5704182386398315
1658162316,25,5.476743043053775,5.416492161882594,44.9855344295,0.4036504146812446,1.8943822161174646,-1.168063436410396,-7.2263657647353154,-0.06796979904174805,7.342628421514248,-3.9695195903397695,0.5656287670135498,6.582735167120713,6.922955691936387,0.9930760860443115,-0.9984397626699321,8.455009366853785,0.9999831914901733,8.491090143497905,-5.559221562701672,-0.7061294317245483,1.487911581993103
1658162318,25,5.5329950867417965,5.473337267285324,45.7152564466,0.40364552313199004,4.995912562557177,-0.867322150690553,-7.267806787240942,-0.06852024793624878,7.43080816613752,-3.74364654140561,0.5632335543632507,6.319706289713912,6.980124076058984,0.9949812889099121,-1.1784209440277986,8.457603832858151,0.9999682307243347,8.491683293275429,-5.765674217632768,-0.706063985824585,inf
1658162320,25,5.588248554746006,5.531126457655233,46.913918572,0.40351763758401643,6.835586681717394,-0.5665912825206169,-7.309323396708186,-0.0684855654835701,7.519810514093911,-3.5180908198850984,0.5622634887695312,6.055697194053719,7.028909157905132,0.9963133335113525,-1.3583939560188385,8.460719370050464,0.9999597668647766,8.49158747223692,-5.771941075137332,0.7099061608314514,inf
1658162322,25,5.642123287188436,5.59019198695114,48.3824696575,0.40361269038484676,7.853318147853753,-0.2658164331646984,-7.3505198397185225,-0.06759727746248245,7.6087766000244725,-3.293076139686273,0.5623971819877625,5.791207606708636,7.0710571560155575,0.9972012042999268,-1.53836437197061,8.463982690074651,0.999959409236908,8.489985432894619,-5.649045022360788,0.7134720683097839,inf
1658162324,25,5.694535505447405,5.650565712087879,49.5066519222,0.40366962906368525,2.872157146158881,0.035057225675207214,-7.3909879428050145,-0.0662250965833664,7.697200271722255,-3.0685297393638256,0.563179075717926,5.526493768306201,7.108178246322709,0.9977877140045166,-1.7183375509376948,8.46708881567128,0.9999657273292542,8.483095682795112,-5.450351161986522,0.7232158780097961,inf
1658162327,26,5.746361406434492,5.711458784553295,49.5309216806,0.4037738935632083,-1.9764393719835776,0.3360484534321163,-7.430569764375088,-0.06483889371156693,7.785099043397373,-2.8439709614596462,0.5641700625419617,5.2616886527796325,7.14151069377895,0.9981907606124878,-1.8983172172766298,8.469790451553656,0.9999760985374451,8.467275721352824,-5.21242418194523,0.7345303893089294,inf
1658162329,26,5.798609995513929,5.772007433663572,48.7549110269,0.4037162420310379,-6.049848439338747,0.6364165038862528,-7.469675133775108,-0.0647539421916008,7.872196415290246,-2.618424663978528,0.5666250586509705,4.996925141016798,7.171702256851482,0.9985107779502869,-2.0783047547645372,8.471900081358113,0.999987006187439,8.442334178791416,-4.955451299747712,0.7440226674079895,inf
1658162331,26,5.852137755676088,5.831379140175079,47.0050179017,0.40352233531653053,-11.037821589266553,0.934243626279737,-7.5088011755563935,-0.06572311371564865,7.958151907599256,-2.3914273612096966,0.569317102432251,4.732328714158156,7.199046552492187,0.9987761974334717,-2.2582993560534965,8.473275911161782,0.9999957084655762,8.41000667884407,-4.689250437488478,0.7511454820632935,inf
1658162333,26,5.907840703112702,5.8886489626724225,44.4820345633,0.40304052146868924,-14.068216375521482,1.2281121610091505,-7.5482611097998,-0.06741830706596375,8.042998738825592,-2.1632939106874547,0.5715282559394836,4.467983718974799,7.223754734348321,0.9990003705024719,-2.438298400293177,8.473805024496452,0.9999998807907104,8.372281956631602,-4.418526461070585,0.7561535835266113,inf
1658162336,26,5.96612719527306,5.94318646375858,41.7541507949,0.4029478153778852,-13.073748340010114,1.5170894115688112,-7.58825232757967,-0.0696219950914383,8.126877740028466,-1.9345559971518005,0.573216438293457,4.203947347692019,7.245984371743238,0.9991916418075562,-2.6182977320346232,8.473398947747464,0.9999975562095642,8.330843221894472,-4.145475861401078,0.7595096230506897,inf
1658162338,27,6.026787526734417,5.995048893480014,39.3544202457,0.40301995504563576,-11.46294703593278,1.8007392488285376,-7.6288960007017526,-0.07206413894891739,8.209925279285546,-1.7056827745436323,0.5741010308265686,3.9402258755328337,7.265905358311939,0.9993441104888916,-2.7982921194460926,8.472004215545502,0.9999879002571106,8.286927466845604,-3.871134480245395,0.7618249654769897,inf
1658162341,27,6.089480991652611,6.044524082260802,37.3027232906,0.40320815489414114,-8.243760432457691,2.081487943715573,-7.670360469771412,-0.07395991683006287,8.29342838517048,-1.4774861925923144,0.5716830492019653,3.676314524987506,7.284386432116409,0.9994087815284729,-2.978278661778349,8.469810359200471,0.9999772310256958,8.240896573274876,-3.59637045472719,0.7642436623573303,inf
1658162343,27,6.153505599558034,6.092339845264008,36.4416729066,0.40347362285979554,-1.1747468936021361,2.3628044060965214,-7.712804158813436,-0.07529712468385696,8.378544098135938,-1.2505509377814952,0.5680989027023315,3.4115304688955,7.302522082275301,0.9994137287139893,-3.1582578212168566,8.467142709951046,0.999970018863678,8.19279146896746,-3.32169860986183,0.766557514667511,inf
1658162345,27,6.2177730565932565,6.139898273108188,36.7079870773,0.4036164569334309,3.2523868570029975,2.6470094323701354,-7.756303002417489,-0.07618998736143112,8.465320041714078,-1.0248898102054729,0.5649200677871704,3.1454186997655236,7.321048529038722,0.9993802309036255,-3.338220470218627,8.464273842090677,0.9999677538871765,8.14283125522956,-3.0472153275446754,0.7685678005218506,inf
1658162347,27,6.281453964275539,6.188245839056749,37.8942168483,0.40346814172895745,8.675879811050457,2.9356349641029484,-7.800881085394291,-0.0767395868897438,8.553344814308144,-0.8002959958697993,0.5626673102378845,2.8776800130351394,7.340452181090183,0.9993197321891785,-3.518153209809611,8.461428812867053,0.999970018863678,8.091297142340435,-2.772925652180631,0.7702515125274658,inf
1658162349,28,6.343643125023448,6.238452254620507,40.0701733396,0.40330416804028585,12.765673711529338,3.22960861354325,-7.846477040391777,-0.07677518576383591,8.641981462090905,-0.5764658629431747,0.5619482398033142,2.6087541807343606,7.360994610351957,0.999241292476654,-3.6980787164636184,8.458772388246247,0.9999741315841675,8.038521508571062,-2.4988619357313206,0.7714073657989502,inf
1658162352,28,6.403509043518392,6.291265689514809,42.8105964151,0.40293099468815524,14.043853321426534,3.5282414500316253,-7.892199796883551,-0.0750926285982132,8.729850701617652,-0.35294005040899695,0.5641108155250549,2.3398771253285955,7.382645451356613,0.9991607069969177,-3.878059175945931,8.456120788565979,0.9999709725379944,7.98553006493653,-2.2248177481266183,0.7710480093955994,inf
1658162354,28,6.460798186425532,6.346838542267835,45.3874749094,0.402994711647686,12.255160612309433,3.828553476176339,-7.936641787845319,-0.07212482392787933,8.815723525889444,-0.12942219586438028,0.5678130388259888,2.07108729802153,7.405353726039004,0.9990795254707336,-4.0580337571254335,8.453099636831693,0.9999593496322632,7.9333883330244745,-1.9508325483424966,0.7698017954826355,inf
1658162356,28,6.515711061306434,6.404792567072861,47.6551340601,0.4031888820020589,10.896166675487855,4.129168743916658,-7.978982150150062,-0.06834285706281662,8.89907203443777,0.09412007591972496,0.5720628499984741,1.8023856535632405,7.429082788679018,0.9989972114562988,-4.2379958682820895,8.44941333503131,0.9999379515647888,7.882687523616282,-1.6772423600859112,0.768103301525116,inf
1658162358,28,6.568507840285328,6.464723482205543,49.4538377368,0.4034041411095755,7.213959464437369,4.430120841522793,-8.018856622090704,-0.06408630311489105,8.97971951560433,0.31761056326404846,0.5763965249061584,1.533773523557341,7.453804635102196,0.9989136457443237,-4.417937639557767,8.444843480515663,0.9999049305915833,7.833760864436691,-1.4044140382905939,0.7661575078964233,inf
1658162360,29,6.619838373408662,6.52598824670273,50.5257001924,0.4034502864755927,4.058642726282175,4.731410114799106,-8.056097887016408,-0.05977584794163704,9.05774688346821,0.5408983573123799,0.580344021320343,1.2652591397328432,7.479476502326711,0.998835027217865,-4.597850838458516,8.439261273850569,0.9998627305030823,7.786771595190402,-1.1326553072764933,0.7642265558242798,inf
1658162362,29,6.670326954960559,6.587996505116565,51.0710987628,0.4037783084091194,1.1181814658769316,5.03296995945492,-8.09108422953981,-0.056483641266822815,9.133476967602233,0.7638572766504113,0.5836472511291504,0.9968396088620377,7.505767260615423,0.9987963438034058,-4.777739121430909,8.43292217473982,0.9998356103897095,7.741326066909611,-0.8627355843062875,0.7631401419639587,inf
1658162365,29,6.720637181098048,6.650158660861983,50.8173189712,0.40380119507315,-3.138790568152867,5.3347176734595525,-8.124413503254614,-0.054071880877017975,9.207293196290982,0.986408407561811,0.586267352104187,0.7284777082257062,7.532252310963639,0.9987903237342834,-4.9576164723148715,8.426278561764933,0.9998282790184021,7.696991204619286,-0.5952519265413776,0.7624285221099854,inf
1658162367,29,6.771612327409932,6.711781488380421,49.8996404921,0.40370084391927447,-5.7548732634779975,5.63265546586293,-8.151176515663959,-0.008752838708460331,9.279624573471567,1.2084500605682433,0.5881392359733582,0.4601479230096647,7.55864781728819,0.9988061189651489,-5.1374962078271285,8.419700072755882,0.9998381733894348,7.653619486604878,-0.33026795266330694,0.7617942094802856,inf
1658162370,29,6.823789381786926,6.77237780973405,48.5884430363,0.40363928025914914,-7.2858114268650755,5.8653898278902314,-8.089094827529207,0.2277764230966568,9.350855712739978,1.429918541343951,0.5894333720207214,0.19183410545768903,7.584769000372486,0.9988356232643127,-5.317388975042454,8.41348943210821,0.9998610615730286,7.611165610835605,-0.0676260655612761,0.7611398696899414,inf
1658162372,30,6.877446020750768,6.831630468033257,47.0569780414,0.40350109512328186,-8.10927141022966,6.0360256682958875,-7.944448338610665,0.40869978070259094,9.421266095957117,1.6508091076943472,0.5902900695800781,-0.07644836963686139,7.610512702759451,0.9988678097724915,-5.4973020694345545,8.407900664638671,0.9998923540115356,7.569637272857555,0.19295405862451265,0.7602891325950623,inf
1658162374,30,6.932714519966426,6.889371718352014,45.4999564701,0.4034884996864994,-6.418421822599348,6.166395469157637,-7.747725324340583,0.5058020353317261,9.491175230217687,1.8709785874189702,0.5905004143714905,-0.34429306052639846,7.636039413149362,0.9988698363304138,-5.666876410976292,8.389072293922109,0.9951148629188538,7.529372079645905,0.45244920837614927,0.758648693561554,inf
1658162376,30,6.989150982573509,6.945999756227293,44.8990130747,0.40354236724073883,-0.3252769393080169,6.2724956722999385,-7.520449464843765,0.5530903935432434,9.56067142700177,2.0903185019212422,0.5909154415130615,-0.6110749293326415,7.661655853265523,0.9988409876823425,-5.813427611096303,8.33991438689992,0.9792637825012207,7.490641124441249,0.711762542979855,0.7567228674888611,inf
1658162379,30,7.0456744575019155,7.002575361161403,45.2826163003,0.403640579962161,3.620370509402621,6.364947754721271,-7.2762602538645496,0.5761632919311523,9.629378496563083,2.3089091452931947,0.5922170877456665,-0.8763113708602698,7.687615737431383,0.9987868666648865,-5.941162031022673,8.266161002545498,0.9556970000267029,7.453462130783774,0.9711611913468475,0.754809558391571,inf
1658162381,30,7.101475277874534,7.059835077745036,46.2738885808,0.4036782289835726,6.027281335232497,6.450101687626362,-7.023090860607653,0.5874834060668945,9.696768083218808,2.526863005291706,0.5944575071334839,-1.1397053071627377,7.7141080469810746,0.9987133145332336,-6.053529241434534,8.172466511314234,0.9295104742050171,7.417770414202628,1.2305942348908767,0.7529958486557007,inf
1658162383,31,7.156078154004411,7.118240813093993,47.6256317354,0.4036127302271096,7.486633815476457,6.5314751315778246,-6.765426899610284,0.5931206345558167,9.762393779569031,2.7442686477763525,0.5974192023277283,-1.4011753171171648,7.741238670416144,0.9986331462860107,-6.153299683730292,8.062647676860855,0.9045952558517456,7.3834559172874705,1.4898956937505181,0.7515175938606262,inf
1658162385,31,7.2091812210519945,7.178003166831997,49.085825584,0.40357501255234834,6.058127627938068,6.610494285616918,-6.505438645369242,0.5969223976135254,9.82608239743153,2.961687422403391,0.600918173789978,-1.661501527206404,7.7688784398014965,0.9985854625701904,-6.242603042305333,7.940108006755742,0.8829029202461243,7.349748154044242,1.7486432940218497,0.7513672709465027,inf
1658162387,31,7.261154134488646,7.2387723848435535,49.6382800399,0.4036892764139209,0.17645040903067186,6.687628432415755,-6.244144997693242,0.5997838377952576,9.887829662825299,3.1798820939977883,0.60460364818573,-1.921767587737817,7.7967903213786975,0.9985695481300354,-6.323091981239896,7.807849012470895,-0.8647229671478271,7.315960237825922,2.0068423486820874,0.7516595125198364,inf
1658162389,31,7.3130899579171835,7.299586491084967,49.238032812,0.4036747183379317,-3.6810842245787248,6.763240330172346,-5.982236585843237,0.6018949151039124,9.947823279563142,3.399367811526392,0.6080780625343323,-2.1827219515134324,7.824778321193935,0.9985789656639099,-6.396103067207026,7.668361712654001,-0.8497124314308167,7.281996927477446,2.265177383633941,0.7517397403717041,inf
1658162391,31,7.365809243535663,7.359762052377106,48.2407168139,0.4035564282840907,-6.0405802906648205,6.837648661682911,-5.720209737655053,0.6034114360809326,10.006246657070488,3.6205305356920348,0.6114575266838074,-2.4448751619255704,7.852678124934995,0.9986081719398499,-6.462721804205623,7.523717853486832,-0.837365448474884,7.248050147623708,2.524615004076009,0.7513339519500732,inf
1658162394,32,7.419722304699739,7.418781011772348,46.889996228,0.4035591796897718,-7.4325131274054295,6.911149222288254,-5.45845113719735,0.604268491268158,10.063023353688264,3.843692598563396,0.6154106259346008,-2.7085176641612234,7.880347311326673,0.9986518621444702,-6.5238283027664234,7.375609032095368,-0.8270754218101501,7.214424121491287,2.7861197905634683,0.7503647804260254,inf
1658162396,32,7.475116648801854,7.476414852566141,45.3881773222,0.40351639747040463,-7.094712113989501,6.984393156880026,-5.197623987169942,0.6036770939826965,10.117188899244503,4.0686319808719675,0.6211405396461487,-2.9729686998495235,7.907592254968387,0.9987045526504517,-6.580062721567251,7.224884129520283,-0.817799985408783,7.181523838338922,3.050529423017934,0.748748779296875,inf
1658162398,32,7.531839873511358,7.532733843996128,44.2902169655,0.4036200509970554,-4.3983896417096915,7.0580175512272625,-4.938392523970278,0.6021950244903564,10.167776971298622,4.294734296035128,0.6277979612350464,-3.2371790071703472,7.934210294592253,0.9987644553184509,-6.631891693719642,7.07186106298431,-0.809307336807251,7.149821789336312,3.318481753910482,0.746505618095398,inf
1658162400,32,7.589423658747149,7.5882118506397385,43.6344856545,0.40373073224060346,-2.5468308714709487,7.132289493864648,-4.681118135426427,0.60035640001297,10.214226341873356,4.5214517114827535,0.6350106596946716,-3.500443325517481,7.9600602044403335,0.9988285303115845,-6.679704734426827,6.916813557317643,-0.8015016913414001,7.1198076216790644,3.59033579516751,0.7436699867248535,inf
1658162402,32,7.6475025948198185,7.643196314436004,43.2663516268,0.40374396112223804,-1.3860366049008972,7.207262452221098,-4.42597883797162,0.5984334945678711,10.256158756370352,4.748321162187415,0.6426007151603699,-3.7622857855954615,7.985062621301174,0.9988930225372314,-6.723836989745552,6.759967766073301,-0.7942996621131897,7.092031976972095,3.8662516802824984,0.7401806116104126,inf
1658162405,33,7.705852026434518,7.697912381203647,43.0734771873,0.40382444672362167,-0.6821410294817766,7.282901252412682,-4.173025637523252,0.5965529084205627,10.293355459904406,4.974970196973215,0.6501976847648621,-4.0224416546869834,8.00923445088514,0.9989435076713562,-6.764587074406282,6.601492322087718,-0.7876499891281128,7.06726155886061,4.146305812670227,0.7354211211204529,inf
1658162407,33,7.764328030431745,7.752484625196591,42.9821418682,0.40369152297836647,-0.3138303509775018,7.359277403811166,-3.9218291035599013,0.594710648059845,10.326228721007485,5.20137218615126,0.6568925976753235,-4.281712625929915,8.033223355746065,0.9989219903945923,-6.802281096904575,6.441444098579358,-0.7816093564033508,7.047802142544171,4.430672019181867,0.7274096012115479,inf
1658162409,33,7.822867191269403,7.80699912352754,42.9453929516,0.4038945315262053,-0.12192627406008942,7.436550889132963,-3.67185998343743,0.5928199291229248,10.354992824045572,5.4277255518484,0.6636884808540344,-4.541296964297033,8.057899214161004,0.9988408088684082,-6.837248459851513,6.279804427486187,-0.7761310338973999,7.0357669070268125,4.718968712527923,0.7176706194877625,inf
1658162411,33,7.881436189898127,7.861500672576791,42.9360618702,0.403859155600461,-0.01385038806095617,7.514844750032959,-3.4228289606739133,0.5908620357513428,10.379392731142518,5.654139165124938,0.6710420250892639,-4.801985330170448,8.08386073076568,0.9987151026725769,-6.869775948447457,6.116535138308466,-0.7711538076400757,7.032267442075614,5.010551255749817,0.7069323062896729,inf
1658162414,33,7.939933244957043,7.916071809517005,43.1893053283,0.40381842336243406,2.7710214296510594,7.594229321774317,-3.174582864656525,0.588895857334137,10.398998215943125,5.8805913392829625,0.6790949106216431,-5.064292238083122,8.111504307896974,0.9985560774803162,-6.900111366543841,5.9515865906765635,-0.7666204571723938,7.038047446719762,5.3049059494013,0.6954506635665894,inf
1658162415,34,7.997910994577389,7.971220115651284,44.0272293002,0.4035806068326762,5.3038793743616806,7.674624575235194,-2.9270258070736133,0.5872762203216553,10.413327606059957,6.106836256563434,0.6878947019577026,-5.328554010657751,8.141001481452259,0.998401939868927,-6.928478446077519,5.784914221563302,-0.7625682950019836,7.053487117813893,5.601564916734584,0.6840062737464905,inf
1658162417,34,8.054830144673158,8.027384127592532,45.2585361952,0.4036595698993393,6.898978113442656,7.755287330798642,-2.680520590787117,0.5869030356407166,10.415429432093854,6.315711592118153,0.7194836139678955,-5.591444824288222,8.166579043823246,0.9999134540557861,-6.955256056607361,5.616600179065497,-0.7594667673110962,7.077420009827809,5.899651478668343,0.6744387149810791,inf
1658162419,34,8.11037974624174,8.08486205050286,46.7260625716,0.40334340278018727,7.808349531939663,7.835244278460686,-2.4355261576872103,0.5876345634460449,10.411624103619054,6.467864079936029,0.7072325944900513,-5.798243559184312,8.113749161874763,0.9750297665596008,-6.9808990098520685,5.4467735836584685,-0.7572178244590759,7.076617959482744,6.039600763976604,0.8118396997451782,inf
1658162422,34,8.164373334897373,8.14382567225737,48.3295740053,0.4035999750635176,8.335893826836282,7.913873699000016,-2.1923193577212814,0.5888943076133728,10.415692616869519,6.582416573067829,0.6876435279846191,-5.951909684401688,7.9865538306050174,0.9149551391601562,-7.005772546367741,5.27532373347741,-0.7555273175239563,7.070962346805125,5.988037652367877,-0.7008498311042786,inf
1658162424,34,8.2167377170122,8.204251568890331,49.752915131,0.40353619485085074,5.836818893002183,7.991089956718104,-1.95124757243057,0.5897823572158813,10.417417694624625,6.672938971573539,0.7727320194244385,-6.070753989562752,7.809370802575841,-0.8629582524299622,-7.030133032103107,5.102035674014893,-0.7542176246643066,7.080466315495575,5.829599320666904,-0.6801433563232422,inf
1658162426,35,8.267881004240177,8.265705981014431,50.6322046096,0.4035886101242168,3.43239402044768,8.06729243821138,-1.7127241048687116,0.5895752906799316,10.36572715289918,6.689310668834137,0.9996299743652344,-6.167091678487656,7.598514218414119,-0.8291292190551758,-7.0540978273045445,4.92658882113063,-0.7528653144836426,7.09976827153833,5.600519033939192,-0.6756187677383423,inf
1658162428,35,8.318327674164474,8.327781864867418,51.0857971283,0.4038348485182473,0.8131555462007372,8.143481950532449,-1.476698817533406,0.5877416133880615,10.251923855380099,6.674602909872597,0.9979162216186523,-6.248559113380781,7.366016504703372,-0.8080983757972717,-7.077460026414492,4.748696531089055,-0.7508924603462219,7.124244362544869,5.324812860351647,-0.6750538349151611,inf
1658162430,35,8.368656043788073,8.389950515664399,50.7956077842,0.40380670293789206,-3.2207596270963217,8.2205464438145,-1.2426415842952825,0.5851349830627441,10.088327705989895,6.658438239335808,0.9992395043373108,-6.319859308638339,7.120614346981621,-0.7949149012565613,-7.099597713340546,4.570063555077022,-0.7481890916824341,7.151232236560186,5.018137142384017,-0.6757107377052307,inf
1658162432,35,8.419661500862633,8.45155102116949,49.8702811317,0.40374296239722424,-5.768018123219263,8.29886066016112,-1.0100858751624566,0.5823779702186584,9.890683236266568,6.6489168944942625,0.9998833537101746,-6.384197234718772,6.868111950426367,-0.7865433096885681,-7.12007521647347,4.391232885052807,-0.7448855638504028,7.179284702325926,4.69054509158105,-0.6766265630722046,inf
1658162435,35,8.471870595412193,8.512124470507365,48.5621021038,0.4037506623517649,-7.251063596770817,8.3784222403078,-0.7787356381266914,0.5799297094345093,9.670881000779243,6.647097443125057,0.9999972581863403,-6.4436954912382385,6.612267499933103,-0.7811181545257568,-7.138661205586061,4.21219587934319,-0.7412398457527161,7.207853153437435,4.348467533313259,-0.677253007888794,inf
1658162436,36,8.525553812248488,8.571357924926666,47.0367351513,0.4035495315893199,-8.085526684404263,8.458903135054587,-0.548506681990223,0.578212320804596,9.437014963029368,6.651863236552244,0.9998897910118103,-6.499733128430625,6.355476331852726,-0.7775318026542664,-7.1552925133085346,4.032966630878261,-0.7377305030822754,7.237025821376355,3.9961026526016834,-0.6772339940071106,inf
1658162439,36,8.580834013611446,8.629077374334162,45.4864079239,0.4034570290778026,-6.37276016982264,8.53938145210652,-0.31989463469011686,0.5779041647911072,9.193732638693596,6.662024125989836,0.9996991157531738,-6.5533186392176646,6.099097776443564,-0.7752456665039062,-7.170575831319347,3.8536168018828767,-0.7359443306922913,7.26731310214345,3.636783213521719,-0.6763308048248291,inf
1658162441,36,8.637279355670506,8.685694840313626,44.8910642309,0.40362347146523075,-0.31405578725879174,8.618692993577845,-0.09354065261992978,0.5791319012641907,8.943579662442103,6.676671511418477,0.9994842410087585,-6.605202223054179,5.843883501787889,-0.7738374471664429,-7.1854416341222045,3.6742317208887227,-0.735771656036377,7.299329103825437,3.273170285495169,-0.6746723055839539,inf
1658162443,36,8.693807642392281,8.742261182458222,45.276660229,0.40366240871758646,3.6381851917577137,8.695793512465212,0.13025933955226368,0.5818278193473816,8.688206986876963,6.695020553234662,0.9992713928222656,-6.655889876004198,5.590310893979516,-0.7730224132537842,-7.200627316592564,3.494873523894244,-0.7368459701538086,7.333513887816529,2.9071251450865723,-0.6725712418556213,inf
1658162445,36,8.745124251583514,8.794839787328518,46.196879315,0.3290868922739774,5.236483548764496,8.770106900509218,0.3509989859104933,0.5844861268997192,8.428691583403593,6.716477510691684,0.9990684986114502,-6.7057296020600585,5.338686346211735,-0.7726207375526428,-7.216688863114767,3.3155918222166214,-0.7388393878936768,7.36994210956571,2.5399449169020363,-0.6704765558242798,inf
1658162447,37,8.785408759418997,8.837636956371766,47.3436177667,0.27149806646544744,6.338894570052033,8.841686571586685,0.567590596684146,0.5865038633346558,8.165791565149455,6.74058014572189,0.9988864660263062,-6.754939103494451,5.089195954008895,-0.772372305393219,-7.233962609000704,3.136422883985493,-0.741027295589447,7.408265336885821,2.17247487407999,-0.6688288450241089,inf
1658162449,37,8.817466994534138,8.873143952649054,48.3381638006,0.1770877354115184,0.31379598606248593,8.911197302079671,0.780324720390281,0.587340235710144,7.900837926568541,6.766421591850915,0.9987838268280029,-6.803231044040181,4.841763699212744,-0.7714393734931946,-7.251663352126585,2.9572953474186625,-0.7407341003417969,7.447783771887934,1.8046565471191576,-0.6680020689964294,inf
1658162452,37,8.827356621760112,8.884261883963257,48.3615268217,0.0004254858856354571,-0.0018225881754966164,8.979430318305168,0.9905110608601645,0.5885439515113831,7.635272714461897,6.792973913085005,0.9987502098083496,-6.850123226233829,4.5962576696245305,-0.7699601650238037,-7.2684512505800045,2.778080427719143,-0.7381528615951538,7.4878190857571925,1.4360224208146115,-0.6678063869476318,inf
