timestamp,ros_time(in sec),robot_pos_x(in meters),robot_pos_y(in meters),robot_pos_th(in deg),robot_lin_vel_x(in m/s),robot_ang_vel_z(in deg/s),person1_pos_x(in meters),person1_pos_y(in meters),person1_pos_th(in deg),person2_pos_x(in meters),person2_pos_y(in meters),person2_pos_th(in deg),person3_pos_x(in meters),person3_pos_y(in meters),person3_pos_th(in deg),person4_pos_x(in meters),person4_pos_y(in meters),person4_pos_th(in deg),person5_pos_x(in meters),person5_pos_y(in meters),person5_pos_th(in deg),laser scan data
1658150457,0,5.92256747736795E-06,-7.85613619159719E-10,-0.000219811426065,-0.000203313458186,-0.185931852382242,8.01676287148815,5.11586526748761,0.654741525650024,-8.01569679210251,5.10257006562078,0.759460866451263,-8.01485621390518,-5.10280576916334,-0.755690097808838,8.0040899361918,-4.94289951618938,0.676247656345367,0.145700965461064,8.0114486935266,0.039578102529049,inf
1658150458,0,7.00223896020866E-06,-7.47102428062465E-10,-0.00405397759862,-0.000157279024767,-0.325427579875662,8.02101414295811,5.14536116169506,0.654730141162872,-8.01978265114857,5.12861149353185,0.759934961795807,-8.0186058339282,-5.12894109216825,-0.755650520324707,8.00520028586596,-4.93052403490649,0.674773037433624,0.182746978942804,8.01433884642108,0.038918927311897,inf
1658150459,0,-1.70260699016964E-06,5.65192123463432E-10,-0.00257328554149,0.000480771104215,0.074430671330584,8.03057859410626,5.21169489712425,0.654705047607422,-8.02909776377333,5.18709873549859,0.76092666387558,-8.02702442336092,-5.18767872477356,-0.755589067935944,8.00781050429514,-4.90305418687917,0.672253549098969,0.265883384174741,8.02061476305055,0.037249453365803,inf
1658150460,0,9.21242330905087E-07,3.82784112901136E-10,0.00287358563506,7.28935497741114E-05,0.074184864605562,8.04717858311228,5.32685475450977,0.654742538928986,-8.04563327375733,5.28841047151084,0.762405633926392,-8.04158729490291,-5.28954058395803,-0.755428910255432,8.01265065931543,-4.85561617653724,0.66943633556366,0.409661463616362,8.03087480241251,0.034887976944447,inf
1658150462,0,-2.00168919183277E-06,5.19090583674143E-10,-0.00262700921499,-0.000642207780302,-0.195313032271936,8.05948062573786,5.41229275072816,0.654796838760376,-8.05815666719235,5.36339804670816,0.763359606266022,-8.05233494296555,-5.36502221654782,-0.755258798599243,8.01643418166649,-4.82022894979032,0.668186724185944,0.515934093178666,8.03809858063547,0.033636972308159,inf
1658150465,0,-3.3378053704779E-06,9.22123759141222E-10,-0.00289963156927,-8.01385383444276E-06,0.022159316898876,8.07759932761598,5.63775448308069,0.734593331813812,-8.09386665669982,5.57064897268764,0.76569926738739,-8.0769965690099,-5.57048178377417,-0.718378841876983,8.02743121277091,-4.72027114184826,0.667143046855927,0.809207787745036,8.05701067292974,0.031372971832752,inf
1658150467,1,1.94608644901733E-06,1.25094153828504E-09,-0.000267148505374,-2.69404542132528E-05,-0.261045063695533,8.00155330963142,5.81647868198273,0.884286344051361,-8.12850566235893,5.68239221132244,0.878034591674805,-8.02458123625217,-5.73924725116113,-0.500213384628296,8.03979282316664,-4.60628456919607,0.668690383434296,1.12952611067033,8.07612247424657,0.028535403311253,inf
1658150469,1,3.63957288054658E-06,1.70603782981112E-09,0.00221340541491,0.000194946644112,0.125076804796853,7.8530975625826,5.95142063652718,0.953647792339325,-8.15904511235006,5.66406830407298,-0.850833058357239,-7.89962384142811,-5.86810821295121,-0.329179584980011,8.05287443804205,-4.48055806097962,0.669821619987488,1.46593591246777,8.09944606575125,0.03833419084549,inf
1658150471,1,-2.92649280323783E-06,2.24530460316092E-09,-0.00278462762177,0.00014229904302,0.049332208133393,7.65627453261964,6.05368968951898,0.979050934314728,-8.18764727301751,5.56034918185736,-0.779001355171204,-7.7276401889044,-5.9713590303586,-0.234678760170937,8.06690535068181,-4.34458070432262,0.669746100902557,1.81339622721091,8.12883376362305,0.044027756899595,inf
1658150473,1,6.54364401213939E-07,2.58706911896676E-09,-0.00133199274647,-0.000208257742181,-0.343053205174742,7.4258693470235,6.13489654735582,0.988674581050873,-8.21554933863512,5.40014617535677,-0.758872449398041,-7.52534151159627,-6.05822789222543,-0.18369896709919,8.08203144276406,-4.19956541368372,0.669173419475555,2.16951497924323,8.16098982713162,0.04516414552927,inf
1658150476,1,5.36425706262052E-07,2.97339911462313E-09,0.000480352947413,0.000146257803004,0.151778339810079,7.17233197110635,6.20292344836909,0.992747485637665,-8.2412064402743,5.20227266738158,-0.746826469898224,-7.30372488631607,-6.13453153948479,-0.154850736260414,8.09828635388876,-4.04655690431462,0.668397963047028,2.53200222724742,8.1931891864757,0.043425414711237,inf
1658150477,2,-7.43385642180185E-08,3.46228801217208E-09,-0.000273933038333,0.00011504573485,0.125262144487104,6.90328642511608,6.26264472382497,0.994705021381378,-8.26322678448296,4.97950937882544,-0.737587809562683,-7.07007588302119,-6.20395789603367,-0.137843325734138,8.11565761797067,-3.8864605179182,0.667529582977295,2.89866255507005,8.22376914201397,0.040261790156365,inf
1658150479,2,-4.96601107157461E-06,4.09383957553885E-09,-0.00346290612981,-0.000271034527695,-0.072278666186168,6.62399438009208,6.31718259528602,0.995688617229462,-8.28152355768769,4.74044370061438,-0.731420755386353,-6.82873457416991,-6.26861687432447,-0.126031130552292,8.13399760922521,-3.72034799016262,0.667024672031403,3.26791951213564,8.2517777336091,0.036124549806118,inf
1658150481,2,2.96082588872884E-06,4.25530467305565E-09,0.000566739624632,0.000167857135971,-0.041661690783186,6.3378759733943,6.3687711455537,0.99620646238327,-8.29737670643172,4.49084912554906,-0.727970898151398,-6.58155354695032,-6.32934205483671,-0.116504356265068,8.15294304114344,-3.54975099413741,0.666923880577087,3.63893535293915,8.27662952685442,0.031657431274653,inf
1658150483,2,-9.17865711169568E-08,4.64709817657839E-09,-0.000261905186006,0.000130345462383,0.127179976034549,6.04717278277512,6.41856898359891,0.996516346931458,-8.31189276517793,4.23453824986325,-0.72624683380127,-6.32965520910204,-6.38662602004289,-0.10845261067152,8.17223130439011,-3.37600607472094,0.666989743709564,4.0112038586226,8.29834463153685,0.027506150305271,inf
1658150484,2,-2.65222018002751E-06,5.1576363865669E-09,-0.00261116900011,0.00017107679104,0.072581043276331,5.75335435573283,6.46715675606608,0.99671870470047,-8.32588802671217,3.97401609969315,-0.725668072700501,-6.07379347062982,-6.44080258404623,-0.101384021341801,8.19170540202427,-3.20020807222977,0.667076945304871,4.38440863895675,8.31721856202133,0.023828115314245,inf
1658150486,3,-2.30772916230495E-06,5.55644304357429E-09,-0.00237218905383,0.000142877073376,0.092071821926706,5.45739017313125,6.5149002500332,0.996853709220886,-8.33995314993181,3.71092684299234,-0.725865662097931,-5.81447734608454,-6.49210426963129,-0.094996936619282,8.21128371021858,-3.02325055123594,0.667094111442566,4.75834410012135,8.33356842281689,0.020579323172569,inf
1658150489,3,-4.20149792039213E-06,6.05069714268189E-09,-0.00338637724979,9.13503651860169E-05,0.0281368899272,5.15997879534034,6.56197803968729,0.996964752674103,-8.35392814884923,3.44627732131068,-0.725017964839935,-5.55225428368946,-6.54088789712461,-0.089964687824249,8.23037149452595,-2.84574704148126,0.669506788253784,5.13287622605128,8.34799442545841,0.018584471195936,inf
1658150491,3,1.58063427301798E-06,6.17901573124087E-09,0.00112600590375,0.000168927554444,0.138595387179021,4.86169819039962,6.60835110665442,0.99706894159317,-8.3665389130289,3.18057662879751,-0.722615540027618,-5.28791110301056,-6.58779243972534,-0.086329765617848,8.24731634908847,-2.66793230037767,0.675266623497009,5.50792222586405,8.36161052091876,0.018007127568126,inf
1658150492,3,-2.26226523217019E-07,6.55396597466881E-09,-0.000331484029268,0.000155899080272,0.134904731935476,4.56294323988828,6.65400250279697,0.997165024280548,-8.37684493352232,2.91413677667957,-0.719223082065582,-5.02215807718171,-6.63327345516887,-0.083629839122295,8.26070070523239,-2.48993953139919,0.683582007884979,5.81566031581399,8.29095015673406,-0.207814246416092,inf
1658150494,3,-1.91548425484609E-06,6.96119520648317E-09,-0.001782447416,0.000103240719421,0.108818530197332,4.26397504322411,6.69894559201485,0.997252702713013,-8.384256780727,2.64715982766062,-0.715203881263733,-4.7560708297887,-6.6775589972555,-0.081599585711956,8.26938591148795,-2.31189532543122,0.693973898887634,6.03846072319795,8.11619179746679,-0.394674599170685,inf
1658150496,4,-3.00084684013372E-06,7.38395593849762E-09,-0.00291024203227,0.000155452989059,0.075477349653934,3.96496636777292,6.74320997758858,0.997332453727722,-8.38841585983874,2.37977739989894,-0.710797369480133,-4.48983079520095,-6.72091696326131,-0.080035604536533,8.27234456817328,-2.13411261047767,0.706249058246612,6.20421513256322,7.87334016359607,-0.505165815353394,inf
1658150498,4,-4.98286234539023E-06,7.88118517732438E-09,-0.00372724975551,-0.000435400002999,-0.14043803535446,3.66595142149789,6.78687420911341,0.997397541999817,-8.38944795408698,2.11208956895527,-0.707077383995056,-4.22343934649808,-6.76333403859489,-0.077961698174477,8.26959686538822,-1.95706385237893,0.716150879859924,6.3320397063171,7.58627281856094,-0.565509498119354,inf
1658150500,4,0.000348393049362,7.72113122961652E-08,0.0241021121165,0.018466054637318,1.28832812887584,3.3667879941296,6.83008778078346,0.997448086738586,-8.38814522191329,1.84419286151832,-0.70436292886734,-3.95683384173708,-6.80438322844417,-0.075156949460507,8.26315494934295,-1.7810243432512,0.721924304962158,6.43502511729094,7.2703489390054,-0.599189519882202,inf
1658150502,4,0.020193427490937,0.000190745116291,0.939558600643,0.185580818807922,6.90740269028931,3.06737123070323,6.8729216102503,0.997496008872986,-8.38507269268961,1.57618214200186,-0.702221989631653,-3.6900142609907,-6.84401800555446,-0.07282355427742,8.25755514394804,-1.60545378506299,0.713532149791718,6.51997897931309,6.93523556539824,-0.623194515705108,inf
1658150505,4,0.080500535684049,0.002267390513138,3.0916088789,0.394741810508861,17.1418256504901,2.76763269970363,6.91543089728109,0.997534334659576,-8.38058165587221,1.30813320486613,-0.700506567955017,-3.42308682605562,-6.88292125551445,-0.072169438004494,8.25922477382434,-1.42876110110852,0.6964510679245,6.59053980883207,6.58687271774479,-0.638479053974152,inf
1658150507,5,0.160143676363745,0.009323642046012,7.06636461166,0.399187631735818,19.2845093748018,2.46751822027255,6.95772667854105,0.997560024261475,-8.37499130549195,1.04006387320699,-0.699206709861755,-3.15609833935423,-6.92140261467426,-0.070824593305588,8.27031695301037,-1.25006997073464,0.677136480808258,6.65166952741976,6.22931313828851,-0.648503601551056,inf
1658150509,5,0.239101111547026,0.021887997012613,11.0242940266,0.399888832566503,19.855220521531,2.166941761927,6.99950866378944,0.99767130613327,-8.36893507275582,0.772218244345774,-0.699211061000824,-2.88897993869525,-6.95897159651313,-0.06921860575676,8.29029214900066,-1.07119604819223,0.660230100154877,6.70580610191822,5.86522116500654,-0.655747473239899,inf
1658150511,5,0.317033203328598,0.039910311089465,15.0154909505,0.400113944300381,20.0296680436349,1.86603506293907,7.03972698063229,0.99788498878479,-8.3635855261537,0.505265198236714,-0.700661778450012,-2.62176800688652,-6.99586988927377,-0.068176299333572,8.31728733424614,-0.893240480559578,0.646833539009094,6.75464599665067,5.49641080133819,-0.661038160324097,inf
1658150513,5,0.393024540775809,0.062884063054039,18.4443924759,0.397479775857501,15.3057931381095,1.5648276221832,7.07762441380716,0.998150527477264,-8.35979854011267,0.239702535835754,-0.703076362609863,-2.35457682234974,-7.0323356896122,-0.067554920911789,8.34956047178528,-0.71616190351058,0.636865615844727,6.79955341110564,5.12398995315321,-0.664844393730164,inf
1658150515,5,0.467725247255581,0.089961377178533,21.2375650977,0.393197197659217,11.808489271865,1.26328345499054,7.11273988682697,0.998432695865631,-8.35812831073979,-0.024141830383907,-0.706127643585205,-2.08845852233948,-7.06846934463537,-0.067398808896542,8.38550970623165,-0.539790289306097,0.630148589611053,6.84171446356011,4.74867325282598,-0.667398154735565,inf
1658150517,6,0.540991505494213,0.12034657785012,23.8610081212,0.396624452747315,13.1964757870683,0.961399838031906,7.14480497332185,0.998708784580231,-8.35892257622869,-0.286052075384031,-0.709590673446655,-1.82470909913399,-7.1043434079545,-0.067691572010517,8.42363465611277,-0.363874669058115,0.626592695713043,6.88207491404972,4.37234837784264,-0.668826997280121,inf
1658150519,6,0.620219389305217,0.158456343636576,27.5302911075,0.399915292345715,17.0773699911348,0.659283932521129,7.17461401840074,0.998813986778259,-8.36184772108183,-0.54647785661601,-0.711763799190521,-1.56325443460306,-7.1401835515294,-0.068340159952641,8.46264154164634,-0.188152011573131,0.625640451908112,6.92153384477626,3.9959277437014,-0.669405102729797,inf
1658150521,6,0.683179940836037,0.193471100822217,30.5992157779,0.400321144574944,17.1939827540455,0.357488147547258,7.20460878706378,0.998725175857544,-8.36554969183002,-0.806936700711653,-0.712154686450958,-1.30212246041702,-7.17638289343799,-0.069151036441326,8.50139624128918,-0.012373702695292,0.627213895320892,6.9608764169727,3.61949491115791,-0.669200420379639,6.80875968933106
1658150524,6,0.750824250632931,0.236218685859241,33.9059809055,0.400571539848887,13.4653465350978,0.057173423569979,7.23654193164608,0.998493552207947,-8.36900352233986,-1.06856580550167,-0.711370646953583,-1.03979960946354,-7.21321000627895,-0.070045433938503,8.53875775896913,0.163705255558271,0.631263494491577,7.00091196792287,3.24313526648874,-0.668206810951233,inf
1658150526,6,0.823393936096637,0.286242112369583,34.7739060951,0.400346073609597,0.278294947004906,-0.240774200106777,7.27154185071064,0.998137474060059,-8.37153797143063,-1.33211461442341,-0.709841847419739,-0.775285911281145,-7.25086734026488,-0.071072801947594,8.57368287588179,0.340282523392915,0.637425422668457,7.04234017067622,2.86692654153205,-0.666615843772888,inf
1658150528,7,0.879788917512574,0.325416082403956,34.8205355482,0.325188750894173,1.0703632840379,-0.535775265890306,7.31032067433957,0.997664451599121,-8.3727241836752,-1.59807684796775,-0.707867026329041,-0.508538953954603,-7.28945206405486,-0.072225667536259,8.60527178775458,0.517429247633783,0.64558470249176,7.08551432318405,2.4909170307345,-0.664863169193268,inf
1658150530,7,0.920400434727362,0.353738942259979,34.9450666915,0.20737898189252,-0.708554075209498,-0.828317307749956,7.35260272185008,0.997297585010529,-8.37271910941629,-1.86634347543526,-0.706795871257782,-0.241689643988432,-7.32888640606696,-0.074178859591484,8.63203530385819,0.694337162924085,0.656397998332977,7.13028293337992,2.11525479620107,-0.663403511047363,inf
1658150532,7,0.959568560690573,0.381038084705754,34.8841261681,0.237251856046494,1.02550155264424,-1.12050880143763,7.39671656127503,0.997151494026184,-8.37250743571249,-2.13589061488011,-0.706986367702484,0.024938414282435,-7.36978802162005,-0.077396206557751,8.65459273185481,0.871280244978232,0.663568139076233,7.17617595937697,1.7402031079731,-0.662416815757751,inf
1658150534,7,0.98113882093089,0.396108718513489,35.0241393271,0.036496865810304,0.614512831158103,-1.4139426212856,7.44137463715706,0.997166395187378,-8.37284463957342,-2.40562031196736,-0.708013832569122,0.291261889682933,-7.41262697928993,-0.081232003867626,8.67369527610824,1.0485125319416,0.671307682991028,7.22272795606753,1.36593195112437,-0.661815702915192,inf
1658150537,7,0.983163896063122,0.397529063634131,35.0390136557,0.05432453315064,-0.715955624858054,-1.7096695020452,7.48572356200648,0.99728512763977,-8.37423286764928,-2.67534652547854,-0.709585547447205,0.557221580151293,-7.45766829893948,-0.085545994341374,8.68918449628469,1.22563884865746,0.678070187568665,7.26961471966858,0.992550817265324,-0.661467373371124,inf
1658150539,8,1.0092996502668,0.415801312886709,34.9109976575,0.254590867040566,-0.561103727000245,-2.00838042892898,7.5292085539917,0.99746298789978,-8.37698254128253,-2.94501626962719,-0.711480677127838,0.822744348804922,-7.50515188971509,-0.090293429791927,8.70262916357531,1.40358257540736,0.680552423000336,7.31663110999941,0.620132818593751,-0.661275029182434,inf
1658150541,8,1.06020051639634,0.451253810744472,34.8162681483,0.39966862565558,-0.144675168016459,-2.30898308299727,7.57164274540757,0.997580885887146,-8.38120515611642,-3.21454490795073,-0.713361799716949,1.08769152516505,-7.55463253896947,-0.093000464141369,8.7163598105993,1.58299687234713,0.678438603878021,7.36355128563811,0.24835709997166,-0.661482751369476,inf
1658150543,8,1.12588285968845,0.496948135307356,34.8361092171,0.39988353013376,0.157996674371183,-2.60965946767878,7.613552092579,0.99760901927948,-8.38680058967653,-3.48412001718039,-0.715082108974457,1.35212759735308,-7.60452858963515,-0.092877984046936,8.73164008868126,1.76234652923444,0.675090730190277,7.41004064034027,-0.123749176606204,-0.662093997001648,inf
1658150545,8,1.19810635625205,0.547217995909463,34.8428571948,0.400016410860682,0.041460428158046,-2.91032501667157,7.6555390484798,0.997578620910644,-8.39366030308276,-3.75376257042062,-0.71666407585144,1.61610146804139,-7.65360913782975,-0.090854093432427,8.74853611972322,1.9415512088148,0.67178213596344,7.4559064256578,-0.496906954476892,-0.662907838821411,inf
1658150547,8,1.26376009490232,0.592925992315993,34.8476422292,0.400294712402949,0.081827556518741,-3.21092382903546,7.69800087637023,0.997509121894836,-8.40168505730753,-4.02337299840015,-0.718121409416199,1.87959567978497,-7.70106419789223,-0.087592646479607,8.7670144607189,2.12059967609187,0.668536245822907,7.50108742515752,-0.871584764042533,-0.663778781890869,inf
1658150549,9,1.32941181687229,0.638638965202373,34.8501278286,0.399916989290239,0.0067430745477,-3.51141847417559,7.74119343815253,0.997413516044617,-8.41078353138721,-4.29294935639168,-0.719459533691406,2.14253989468389,-7.74637139191843,-0.083540990948677,8.78703089943473,2.29948275728454,0.665374875068665,7.54554289419546,-1.24742983217439,-0.664604127407074,inf
1658150551,9,1.38849814002039,0.679782204317602,34.8507881053,0.400160000860883,-0.00449141278399,-3.8117998401828,7.78516708160102,0.997327923774719,-8.42074563226647,-4.5624564416409,-0.720361471176147,2.4048075191142,-7.78940330361226,-0.079785078763962,8.80814758348506,2.47823974961125,0.664012849330902,7.58968103169032,-1.62333052897732,-0.664391040802002,inf
1658150554,9,1.45414972314817,0.725496568605421,34.849408652,0.400071282874847,0.000612593537522,-4.11209531649637,7.82972369524391,0.997265696525574,-8.43113651930223,-4.8312472299926,-0.720761299133301,2.66622645820846,-7.83050205222864,-0.076696306467056,8.82918662714502,2.65700586762598,0.665111780166626,7.6348350181334,-1.99911029666954,-0.662915170192719,inf
1658150556,9,1.52636894733063,0.775781659702299,34.8689385463,0.400057358444239,1.48473001295054,-4.41232783736165,7.87470266253319,0.997219741344452,-8.44160005907598,-5.09843288846767,-0.720800220966339,2.92664538975271,-7.86993958088765,-0.07404188066721,8.84912387013364,2.83589776959619,0.668149471282959,7.68200524958962,-2.37464195378504,-0.66059535741806,inf
1658150558,9,1.59165298718492,0.821964312003829,35.7285724492,0.400077937222865,4.60801694273559,-4.71251340116696,7.91999400860797,0.997185170650482,-8.45187867137561,-5.36341748983484,-0.720568537712097,3.1859370686003,-7.90788238404141,-0.071637213230133,8.86714672524011,3.01499205949423,0.67269104719162,7.73184048402705,-2.74982895675326,-0.657732486724854,inf
1658150560,10,1.6562246025519,0.869205283741036,36.6488305759,0.399895229005786,4.59957754449102,-5.01266305744938,7.96552172465445,0.997158646583557,-8.44919167192546,-5.61537626958688,-0.656418979167938,3.44399871194451,-7.94441274162955,-0.069334089756012,8.88262112596695,3.19432387201338,0.678389608860016,7.78472815793923,-3.12459767642485,-0.654556512832642,inf
1658150562,10,1.72002847678247,0.917472255846577,37.5660911976,0.400023106979574,4.60369934768644,-5.31263283856302,8.01130568393774,0.997112989425659,-8.36804803061018,-5.80021421029548,-0.466685920953751,3.70100321435674,-7.97965500798885,-0.067304231226444,8.89501512155812,3.37389418862755,0.685069501399994,7.84056036527151,-3.49893942476584,-0.651861846446991,inf
1658150565,10,1.77678545075742,0.961781568054254,38.3915178784,0.400026163288369,4.59742745409981,-5.60807245692302,8.05198625474076,0.999435245990753,-8.22579570482425,-5.93355312496851,-0.310521602630615,3.95753815554003,-8.01386729040149,-0.0655577480793,8.90387082628806,3.55367310118639,0.692524671554565,7.89861016926839,-3.87294403637519,-0.649878859519959,inf
1658150567,10,1.84528261413978,1.0170437748248,39.4018599417,0.400206968861849,4.56329165316913,-5.83733823681484,8.00254392576496,0.97817999124527,-8.04353163761476,-6.03420858870065,-0.216995120048523,4.21399069414124,-8.04719179651533,-0.063903763890267,8.90882963525474,3.73360113975972,0.70053619146347,7.95829237889125,-4.24669181030857,-0.648418366909027,inf
1658150569,10,1.90059146204422,1.06314841775116,40.2276247341,0.400132225009186,4.60895033893822,-6.00332233341013,7.86863933465056,0.914998412132263,-7.83515048883738,-6.11484266452345,-0.165827751159668,4.47059135668725,-8.07965325785319,-0.062172073870897,8.90962257433979,3.91359533204992,0.708920240402222,8.01914232629082,-4.62025135389841,-0.647406160831451,inf
1658150570,11,1.96730373976061,1.12057399929851,41.1267927288,0.400595493581734,1.85534340002625,-6.12623056021097,7.6791892277936,-0.856687664985657,-7.60977166996237,-6.18384602613465,-0.138612791895866,4.7275164147294,-8.11118600283099,-0.060218613594771,8.90605852054477,4.09355568002819,0.717520475387573,8.08071358181638,-4.9936927601684,-0.646862983703613,inf
1658150573,11,2.02142521241337,1.16806231570295,41.4030115578,0.400041646916294,1.54077265110952,-6.21980560213487,7.45324658563273,-0.817065834999085,-7.37330942202966,-6.24594825328079,-0.121827878057957,4.9846590364107,-8.14138017045515,-0.056957129389048,8.89852108161259,4.27339539548808,0.724157691001892,8.14259624905287,-5.36708271233365,-0.646677792072296,inf
1658150575,11,2.08127005485838,1.22113443880045,41.8205171328,0.399483849462956,4.35895832145657,-6.29356547540678,7.2032868602416,-0.79180246591568,-7.12950545218333,-6.30268359343113,-0.109366573393345,5.24136285843513,-8.16936663709278,-0.052636593580246,8.88843993456136,4.45311210013594,0.72795444726944,8.20303659035124,-5.70544480036212,-0.625449955463409,inf
1658150577,11,2.14622322437267,1.28029133907556,42.8050988464,0.395062452421912,2.79167684692612,-6.35394649179905,6.93754040867675,-0.775664806365967,-6.8808124937581,-6.35488943171945,-0.099495574831963,5.49625602468338,-8.19779633197493,-0.058462664484978,8.87710733105258,4.63275489264072,0.729476392269135,8.25501136151511,-5.82347543653576,-0.324340611696243,inf
1658150579,11,2.1988721125124,1.32931186053904,43.0954381039,0.400283249065736,1.59092716895687,-6.40528309150971,6.66144566351198,-0.765215039253235,-6.62885175987108,-6.40312732368632,-0.09124930948019,5.72417691533601,-8.18407150716224,0.132146582007408,8.86555901880322,4.81238404238182,0.729200005531311,8.29299679808023,-5.76795997110545,0.59103000164032,inf
1658150581,12,2.25713626588076,1.38412578825618,43.4080022633,0.399958881252149,1.56047269077702,-6.45049605856941,6.37859640305061,-0.758359730243683,-6.37469841635168,-6.44779017481902,-0.084064908325672,5.89164120623681,-8.08355925648099,0.34634405374527,8.85460927354957,4.99205048710679,0.727530300617218,8.32843464520825,-5.60109948678944,0.638576745986939,inf
1658150583,12,2.31510114497305,1.43925639496136,43.720657237,0.399976697817594,1.56403720591432,-6.49174689434412,6.09128476466982,-0.754235208034515,-6.11880969184484,-6.48950276412702,-0.078789129853249,6.02030391346533,-7.92656434307729,0.469237148761749,8.84453285886687,5.1717681380142,0.726202189922333,8.36924698789447,-5.36215422692108,0.648175418376923,inf
1658150585,12,2.37276341280927,1.49470191015289,44.0338461069,0.399971349365024,1.56700889884875,-6.53088547408346,5.8008546746035,-0.752137780189514,-5.86096170815486,-6.52938897877623,-0.075450278818607,6.12597388027128,-7.73478747499392,0.528456091880798,8.83477150958226,5.35150326449798,0.726050615310669,8.41174196867005,-5.07454627170146,0.656695246696472,inf
1658150587,12,2.4358395576031,1.55605442043503,44.379001887,0.399964827450683,1.57051975723579,-6.56919311714604,5.50817516063565,-0.751369416713715,-5.60094878767987,-6.56825199614038,-0.073359988629818,6.21889948689813,-7.52234000940208,0.557144105434418,8.82478245244093,5.53122583192805,0.726850092411041,8.45193288352992,-4.75440435033496,0.664655685424805,inf
1658150589,12,2.49285897951677,1.6121580047585,44.693096902,0.39998445972933,1.54992422197204,-6.60752312089293,5.213820163253,-0.751469910144806,-5.33863708473785,-6.60660934111025,-0.072072573006153,6.30485651207085,-7.29792145045478,0.571790516376495,8.79618313672797,5.69652663583484,0.78978842496872,8.48803469154704,-4.41328933012496,0.671453654766083,inf
1658150590,13,2.54392058351942,1.66291930522721,44.9692818335,0.399992348898825,1.54296270830995,-6.64644030802496,4.91816826104067,-0.752134382724762,-5.07394052125128,-6.64479597907329,-0.071303047239781,6.38680128376081,-7.06682094722729,0.579822957515717,8.74126625874444,5.84262914377572,0.841797769069672,8.51967938283926,-4.05915756338164,0.67703241109848,inf
1658150592,13,2.60036743265241,1.71960880219277,45.2764987385,0.399997694321929,1.537761464331,-6.68608561344634,4.62151232466607,-0.752652406692505,-4.80722227500296,-6.68291574171218,-0.070661224424839,6.46660161508278,-6.83182957150035,0.583691120147705,8.66477754238376,5.97505183229369,0.880179286003113,8.54725488653865,-3.69691937740038,0.681376218795776,inf
1658150594,13,2.6621068669506,1.7823157919045,45.6144337161,0.399998639150811,1.53606600794082,-6.72607532943761,4.32413500614418,-0.752778649330139,-4.54015643882296,-6.72073252842614,-0.070019692182541,6.54603354028432,-6.59365649473559,0.585065364837647,8.57021174509585,6.09793611488466,0.906906247138977,8.57150922235401,-3.32895885587849,0.684729099273682,inf
1658150596,13,2.71234796741724,1.83389147525859,45.8644782181,0.400096768460445,0.298240378850107,-6.76610218758473,4.02623250982285,-0.75264847278595,-4.27304298610406,-6.7582115109776,-0.069396398961544,6.62605493535139,-6.35246786711678,0.585327804088593,8.46016689276041,6.214043952394,0.925421059131622,8.59304955825523,-2.95678334854069,0.6873899102211,inf
1658150599,13,2.7680479331382,1.8913128196887,45.9161525324,0.400018664956447,1.41320853036383,-6.80596444811919,3.72793425421284,-0.752351462841034,-4.00588410983368,-6.79536533213742,-0.068801291286945,6.70711672867708,-6.10825458972373,0.585120141506195,8.33663107973448,6.32504700854278,0.938622772693634,8.61234133687586,-2.58140987424374,0.689549267292023,inf
1658150601,14,2.82355056550602,1.94892649915849,46.2227605743,0.399958926588462,1.54151246874068,-6.84553146311315,3.42932585637467,-0.751947700977325,-3.73868207728391,-6.83220750784648,-0.068226613104344,6.78938360057987,-5.86092936197333,0.58488267660141,8.20119800978324,6.43187734460206,0.948381662368774,8.62974168382135,-2.20370358999141,0.691327810287476,inf
1658150603,14,2.87874401159682,2.00683739902233,46.5298599953,0.399994772728496,1.53391503579981,-6.88475791469433,3.13061147746218,-0.751605927944183,-3.47141475164296,-6.86857251724392,-0.066989429295063,6.87260511079169,-5.6107535920188,0.585080683231354,8.05563884118681,6.53484333966466,0.955734550952911,8.64505664960248,-1.82553108852857,0.693674564361572,inf
1658150604,14,2.93362808407284,2.06504282877577,46.813359193,0.400062552239921,0.339623802076476,-6.92369477792959,2.8322301091176,-0.751382410526276,-3.20402164462067,-6.90399993665618,-0.064948007464409,6.95613867523074,-5.35871486135291,0.58565104007721,7.90444027004155,6.63249243007444,0.961220800876617,8.65736172822476,-1.44724919474266,0.696823358535767,inf
1658150606,14,2.98837558567727,2.12337671279349,46.8165996881,0.399997165936794,-0.002343245404604,-6.96238745863248,2.5345055990842,-0.751239538192749,-2.9364643256383,-6.93816433682034,-0.062416341155768,7.03957024695755,-5.10562560249509,0.586327314376831,7.75004561432831,6.7250123991299,0.965344846248627,8.66603899052582,-1.06886704701591,0.700414836406708,inf
1658150608,14,3.04312177786291,2.18170962299882,46.8167794635,0.399951178660029,0.00881084151897,-7.00086847863529,2.2376517562444,-0.751152634620667,-2.6687250568981,-6.97087175319602,-0.059597831219435,7.1226762408647,-4.85207076235738,0.587026119232178,7.59316646056567,6.8132580462622,0.968602180480957,8.67075353596121,-0.690414970554473,0.704220712184906,6.05895090103149
1658150610,15,3.09786861343526,2.24004320230362,46.8166115179,0.399990427579944,-0.001420599737903,-7.03916149297031,1.94180981445343,-0.751104891300201,-2.4007990520349,-7.00201220163599,-0.056624218821526,7.20530849612165,-4.59845803120632,0.587745308876038,7.43426373471485,6.8978079274668,0.971298336982727,8.67135770659216,-0.311934076673062,0.708088874816895,5.89343690872192
1658150613,15,3.15260993078143,2.29837736977882,46.856938512,0.399891054880541,1.37917401982825,-7.07731159201297,1.64673592401625,-0.75104832649231,-2.13272407618806,-7.03184546904582,-0.054800976067782,7.28718600431126,-4.34479782620429,0.589270651340485,7.27368846025067,6.97913884752432,0.973473250865936,8.66834554214597,0.066536250202241,0.710923552513123,5.81034231185913
1658150615,15,3.20716878506542,2.35688969971946,47.1020636706,0.399960623589912,0.063240298109066,-7.11540734224142,1.35157370266903,-0.75096732378006,-1.86459570157533,-7.06119598412086,-0.054435074329376,7.36777559175858,-4.09054131455725,0.591748774051666,7.11180188080925,7.05782926085553,0.975157856941223,8.66316260474778,0.44498369620071,0.712462663650513,5.72615385055542
1658150617,15,3.26706926007451,2.42135558351711,47.1024718335,0.400028128058993,-0.002176433585407,-7.15351602746536,1.0556810651593,-0.750873863697052,-1.59648158961957,-7.09067634868627,-0.055029686540365,7.4467261830759,-3.83525683933223,0.594759166240692,6.94888364091868,7.13436205811564,0.976502299308777,8.65692172542623,0.823415384735209,0.713115036487579,inf
1658150619,15,3.32152442238124,2.47996115514722,47.102374437,0.399961361845413,0.008093755302673,-7.19168501949249,0.7586352627344,-0.750776350498199,-1.32843556845323,-7.12069092685749,-0.056259367614985,7.52383946639221,-3.57864457486451,0.598103940486908,6.78512733649372,7.20908558922655,0.977601528167725,8.65039671489276,1.20184232198965,0.713147699832916,inf
1658150621,16,3.37597968708835,2.53856683300393,47.1022810427,0.400017390439844,-0.00352650995006,-7.229948998209,0.460158171580198,-0.750680685043335,-1.06075935535491,-7.15147701958161,-0.057912670075893,7.59896537553163,-3.32048253393092,0.601698815822601,6.6206797361635,7.28227572118541,0.978511571884155,8.64413265813795,1.58027364487635,0.71274334192276,inf
1658150623,16,3.43042534730399,2.597177172015,47.1659922598,0.399990593702393,1.48128349202534,-7.26846326664825,0.160193388343459,-0.750917613506317,-0.793454513576801,-7.18286381694201,-0.058497197926045,7.67214512129946,-3.060926169873,0.604719042778015,6.45550780662504,7.35381475907563,0.979712307453156,8.63811459712442,1.95870897978437,0.712802112102508,inf
1658150626,16,3.47924932962581,2.65009475103892,47.4420305536,0.400014756910671,1.51731443356966,-7.307564748955,-0.140780283930808,-0.751559197902679,-0.525667027942793,-7.21411205093823,-0.057594325393438,7.7436744513364,-2.80083563058118,0.607039928436279,6.28929597522239,7.42290076670584,0.981340885162354,8.6315336683182,2.33713486059065,0.713587045669556,inf
1658150628,16,3.53320370561758,2.70916374349849,47.6991798376,0.399971064706594,0.109944274489222,-7.34741278711588,-0.441736693948702,-0.752459943294525,-0.25766203636357,-7.24456722684068,-0.055749129503965,7.81380944209077,-2.54036556290538,0.609076619148254,6.12181219066123,7.48884075250196,0.983238339424133,8.6237943097057,2.71553871129437,0.714820265769959,inf
1658150630,16,3.59242891251911,2.77425090372319,47.6998177592,0.399977615196345,0.00673174557236,-7.38817732302536,-0.742570300592303,-0.753519773483276,0.010474981966657,-7.27383629445505,-0.053338814526796,7.88265597942667,-2.27955194842987,0.611000895500183,5.95290691496272,7.5510464274033,0.985307812690735,8.61454114012884,3.09377924502889,0.716313242912293,inf
1658150632,17,3.64088587839431,2.82750409826899,47.6998298352,0.400010257763528,0.003707038108039,-7.429965092119,-1.04326345916435,-0.754669010639191,0.278761492348884,-7.30170118444175,-0.050616540014744,7.95023517048941,-2.018407090823,0.6129350066185,5.78249400104965,7.60899148993818,0.987457275390625,8.60359361129569,3.47135922930503,0.717935264110565,inf
1658150634,17,3.69472669970359,2.88667402347528,47.6998234866,0.400082288759762,-0.008923212151662,-7.47275071642289,-1.34381629827551,-0.755675315856934,0.547142921370331,-7.32863970273366,-0.050031553953886,8.01623624151022,-1.75685929809805,0.615782022476196,5.61066256501058,7.66258754025122,0.989275336265564,8.59159054205637,3.84847440434984,0.718208491802216,inf
1658150636,17,3.75395165585975,2.95176090991923,47.6998106685,0.400010447918797,0.000458214767681,-7.51633600237083,-1.6442542559249,-0.756466686725616,0.815461814378117,-7.35619181807109,-0.052169747650623,8.07992601573742,-1.4947395460133,0.6196009516716,5.43776409749744,7.712509666978,0.990662753582001,8.58044359461154,4.22642313183398,0.71676903963089,inf
1658150638,17,3.80240899882251,3.00501441643183,47.6997129448,0.400064829257251,-0.006560159171071,-7.56056020882815,-1.94459885349889,-0.757104933261871,1.08359443014972,-7.3854970091644,-0.056081939488649,8.14082251297256,-1.23195712920275,0.623973786830902,5.26486838588293,7.7591592150536,0.991735875606537,8.57160590109549,4.60480226498939,0.714231133460999,inf
1658150640,17,3.85624935116337,3.06418367553231,47.6998514475,0.399990023518448,0.003398759734195,-7.60530698859085,-2.24486605441067,-0.757631123065949,1.35144249290524,-7.41729438421601,-0.06114387139678,8.19862726110378,-0.968477579646086,0.628685355186462,5.09356950628277,7.80276463344014,0.992549419403076,8.56596356611349,4.98324210654775,0.71104770898819,inf
1658150642,18,3.91009081994454,3.12335412125364,47.6996721422,0.399978478824136,-0.003394841454318,-7.65048955496829,-2.54506799866911,-0.758072733879089,1.61892149428764,-7.45205731914897,-0.066939234733582,8.25313619050634,-0.704296680283563,0.63362455368042,4.92515936228298,7.84363697915174,0.993144333362579,8.56396134704822,5.36171851283447,0.707573354244232,inf
1658150644,18,3.96393184595883,3.18252403081579,47.6997426504,0.399957061970868,0.000404978309952,-7.69604011334378,-2.8452143328995,-0.758446395397186,1.88602228572668,-7.48962101316948,-0.071396254003048,8.30447257603404,-0.439480478460013,0.637901127338409,4.75974114061343,7.88218484405953,0.993664085865021,8.56520813599543,5.67258999891942,0.70295512676239,inf
1658150646,18,4.01777327951125,3.24169435850189,47.6996370359,0.400004391874198,-0.004226650630322,-7.74190319919902,-3.14531307540503,-0.758764147758484,2.15287539387503,-7.52890931036339,-0.073897115886211,8.35326944966773,-0.174184017177833,0.641103625297546,4.59543938200382,7.91881799036998,0.994211077690124,8.57272876833987,5.76752719646836,0.565720677375793,inf
1658150648,18,4.07699832304348,3.30678108726326,47.6996753698,0.400031333892681,-0.002933829157617,-7.78803198796823,-3.44537109422058,-0.759033560752869,2.41959556799607,-7.56909141013664,-0.075084015727043,8.40119508708457,0.090649212303306,0.640105426311493,4.43058264998453,7.9537443587831,0.994787752628326,8.60107518749669,5.70983202635799,-0.588398218154907,inf
1658150650,18,4.13083960617482,3.36595114079266,47.6996629491,0.400023045477971,0.00235690282605,-7.8343841419915,-3.74539469184724,-0.759258091449737,2.68626464115094,-7.60961157511497,-0.075393863022328,8.45198914662455,0.350499206466859,0.631731569766998,4.2638729604072,7.98705544870254,0.995374619960785,8.63000836432697,5.54756164837767,-0.665612816810608,inf
1658150652,19,4.18468074677022,3.42512102277991,47.6996303777,0.400048840080025,-0.003110943532724,-7.88091860162791,-4.04539006949983,-0.75943785905838,2.95293828311909,-7.6501016487774,-0.075126431882382,8.50883948781774,0.60064462892336,0.618139266967773,4.09428835504247,8.01880583380051,0.995944261550903,8.63848077349543,5.3222542857689,-0.708415806293487,inf
1658150654,19,4.23852123494252,3.48429014790993,47.6999867722,0.400009018419611,0.035201827452742,-7.92724023743619,-4.3454183100259,-0.758772730827331,3.21964582070431,-7.6903678150385,-0.074665158987045,8.5725304869103,0.840627216222268,0.604358077049255,3.92148654707339,8.04861599640844,0.996649205684662,8.62526867276109,5.05867075552087,-0.732914745807648,inf
1658150656,19,4.28697899774528,3.53754395068254,47.6995254423,0.400004133435949,-0.000998733079031,-7.97235302596352,-4.64563040630427,-0.757086515426636,3.48639128647946,-7.73038194979884,-0.074190080165863,8.64184611464003,1.07462875872293,0.595099985599518,3.74620032658582,8.07528789783384,0.997484266757965,8.59642993130143,4.76853215722117,-0.745423972606659,inf
1658150658,19,4.34082005246098,3.59671362299869,47.6995924466,0.400059629859139,-0.008334530200467,-8.01553416217561,-4.94612613091992,-0.754748523235321,3.75314271999157,-7.77013764705764,-0.073718592524529,8.71425310629954,1.30772115344881,0.592590153217316,3.56910271673326,8.09783020616399,0.998319506645202,8.55835139648501,4.45712939113746,-0.750123739242554,inf
1658150660,19,4.39466089949119,3.65588298061147,47.6995883951,0.39992641565103,0.007044774467978,-8.05634559605759,-5.24695265145259,-0.752026677131653,4.01979739612871,-7.80962653115707,-0.073265068233013,8.78642710829007,1.54383884176196,0.597299695014954,3.39071202392036,8.11550635025115,0.999055087566376,8.51698060856993,4.12733047332933,-0.748910665512085,inf
1658150662,20,4.44850230115331,3.71505295077856,47.6995208225,0.399958352447793,-0.004863740233672,-8.09456123879208,-5.54811984283638,-0.749126076698303,4.28627614823297,-7.84885138942141,-0.072842836380005,8.85433790774554,1.78537096879579,0.609152376651764,3.21143220863891,8.12776873823117,0.9996138215065,8.47821247998036,3.7812635016359,-0.742459177970886,inf
1658150664,20,4.50234391863493,3.77422308442511,47.6995109339,0.399960884649353,0.000832803837116,-8.05729638491353,-5.79606479408417,-0.571339428424835,4.55288831893339,-7.8878492542466,-0.072350777685642,8.91294839424354,2.03344402363921,0.628998935222626,3.03160608806235,8.13486067360687,0.99988716840744,8.44789587349447,3.42153158788221,-0.731573522090912,inf
1658150666,20,4.55618501459196,3.83339261837939,47.6994667478,0.399960094821727,-0.001094600785676,-7.92856260183679,-5.97660610486099,-0.386594206094742,4.81982081803814,-7.9265960347184,-0.071781292557716,8.95774985730917,2.28821700867839,0.651959955692291,2.85164298491647,8.13842344139179,0.999975085258484,8.43002313016748,3.05195706071085,-0.719067335128784,inf
1658150668,20,4.61002118844798,3.89256375183326,47.7411534242,0.399885856180892,1.38515497815899,-7.74051984289856,-6.11132710525289,-0.261144757270813,5.08679811116863,-7.96503295661071,-0.07120356708765,8.98897646635444,2.54887281667447,0.670887887477875,2.67165026774278,8.13999949606692,0.999995291233063,8.42396272829626,2.67618281978119,-0.70898574590683,inf
1658150670,20,4.66900853730944,3.9578666576107,48.0777264445,0.400013370523844,1.5362597282782,-7.51442609162545,-6.21479842011482,-0.186582878232002,5.35381827320143,-8.0031709447201,-0.070662707090378,9.00879603764065,2.81447914859264,0.686122059822083,2.49165236048753,8.14086579093391,0.999997198581696,8.42706182804626,2.29776678102423,-0.70126610994339,inf
1658150672,21,4.71698916426571,4.01155219358655,48.3098239076,0.400040147105018,0.136510785521172,-7.26432015048619,-6.2968490291934,-0.141832545399666,5.61760076076811,-8.03614584560218,-0.026498351246119,9.01869968333566,3.08369779100281,0.698926687240601,2.311656578876,8.1420763510058,0.999990522861481,8.4372990781291,1.91942632546351,-0.695123910903931,inf
1658150674,21,4.77551666611293,4.07726687295328,48.3107904485,0.399974513128098,-0.003819567579707,-6.99915869388444,-6.36373756371581,-0.112314738333225,5.82719839698989,-7.98870309636431,0.207438707351685,9.02033279782747,3.35343306716598,0.708515048027039,2.13166967126273,8.14423106399275,0.999975442886352,8.45228854822882,1.54124092149316,-0.692056059837341,inf
1658150676,21,4.82872416541969,4.1370082933141,48.3106882776,0.399993136092158,-0.003588101646287,-6.72421472654786,-6.41894176886132,-0.090853706002235,5.98542965407362,-7.86731444086041,0.385812729597092,9.01598548508309,3.62314173367434,0.715336561203003,1.95169505777533,8.14724583843954,0.999957382678986,8.46839808184178,1.16359481648295,-0.691489696502685,inf
1658150678,21,4.87661044726423,4.19077500484881,48.3107520068,0.40000174017929,0.008340522088742,-6.44290080463484,-6.46474400376598,-0.074323698878288,6.10709855252402,-7.69895004984114,0.491219103336334,9.00721976475318,3.89274460030938,0.720431208610535,1.77173402590842,8.15098633768316,0.999938189983368,8.48635280481566,0.786976774992697,-0.689414978027344,inf
1658150680,21,4.9298170737059,4.25051540909992,48.3107990146,0.400022361509755,-0.003480961273655,-6.15747374483516,-6.5027090123347,-0.060909166932106,6.20489278337115,-7.50193177067812,0.545505881309509,8.9950456810261,4.16221590314334,0.724400997161865,1.59178687389361,8.15534481860136,0.999918937683106,8.5050594335293,0.41148452298858,-0.689461708068848,inf
1658150682,22,4.98302445376855,4.3102565604129,48.3106099362,0.399974354109433,0.00514320148607,-5.86942769822927,-6.53392037262648,-0.049519568681717,6.2885505830125,-7.28790816960289,0.57360976934433,8.98014722032876,4.43155078180562,0.72759747505188,1.4118533567878,8.16023459498504,0.999900281429291,8.52262948687039,0.036948833150739,-0.691096484661102,inf
1658150684,22,5.04155222047451,4.37597142259679,48.3106131288,0.400015566277734,-0.005238699732338,-5.57955519598843,-6.56010631031037,-0.042868170887232,6.36418252280825,-7.06428520155693,0.587739229202271,8.96270851108746,4.70073287349571,0.73103803396225,1.23194312055512,8.16586325373729,0.999855995178223,8.53815558450055,-0.336772798173419,-0.693022668361664,inf
1658150686,22,5.08943881200494,4.42973834275777,48.3105767053,0.400042655795074,-0.005736498821545,-5.28797476437867,-6.58442222763435,-0.041273441165686,6.43550971057965,-6.83624473341847,0.594562292098999,8.94228613070496,4.96970470445106,0.734994769096375,1.0523248628343,8.1729977047963,0.99975711107254,8.55180728349888,-0.709775570278072,-0.694723784923553,inf
1658150688,22,5.14264507150971,4.48947813929302,48.3107978263,0.400009687951197,0.001882840729221,-4.9947227341021,-6.6091631192709,-0.042946919798851,6.50449851214237,-6.60678814146973,0.597760319709778,8.9186083031337,5.23840936161638,0.739161312580108,0.873670774204039,8.18232099441515,0.999579787254334,8.56372289159175,-1.08212860094463,-0.69636732339859,inf
1658150689,22,5.19584926774676,4.54922003079669,48.3423947575,0.399962832810674,1.29441106280688,-4.69982507482196,-6.63582801129436,-0.04670400172472,6.57222926537456,-6.37757025548265,0.598936200141907,8.89159325144831,5.50679902887266,0.743330657482147,0.696573420924275,8.1943847970859,0.999294638633728,8.57384255662513,-1.45389601230811,-0.698155760765076,inf
1658150692,23,5.24886651724793,4.6091319955424,48.6385848963,0.40021185401371,0.760270024961026,-4.40329896417038,-6.66538852520581,-0.0517598092556,6.63941022359849,-6.1494909917894,0.598778545856476,8.82755065938685,5.74338303833097,0.842134296894074,0.5215129220699,8.20963212881103,0.998869776725769,8.58188474415496,-1.82511654780572,-0.700303256511688,inf
1658150694,23,5.30172382885078,4.66918163806511,48.6455013752,0.399952614693566,0.005629948641673,-4.10557409693072,-6.69791090939289,-0.05584954097867,6.70665727151101,-5.92281654575029,0.597602784633637,8.69670019694382,5.92343388868762,0.914975523948669,0.34847635125257,8.22781557172253,0.998494863510132,8.58764891181937,-2.19608535163058,-0.702421486377716,inf
1658150696,23,5.3545806945634,4.72923202171042,48.6454875718,0.39998952523641,-0.005385459925437,-3.8077979183728,-6.73228313290878,-0.058310028165579,6.7747020826169,-5.69728856713264,0.595274150371552,8.5230307143183,6.07414608568166,0.947326719760895,0.176581003650972,8.24741746773536,0.998349726200104,8.59125167685,-2.56754707169033,-0.704516112804413,inf
1658150698,23,5.40743833598935,4.78928319798783,48.6454322522,0.39996558596278,0.003585378940573,-3.51082205959634,-6.76764463375439,-0.059719301760197,6.84422054936111,-5.47281013068074,0.592017352581024,8.31970098317828,6.20830770525395,0.963191330432892,0.0050062818872,8.26703348249458,0.998428046703339,8.59259963846931,-2.93991018782859,-0.706696629524231,inf
1658150700,23,5.4602954455508,4.84933376851284,48.6454106294,0.400022207095407,-0.007190541799398,-3.21520681450759,-6.80342996253882,-0.060443449765444,6.91547862288512,-5.24936969443791,0.588691830635071,8.09447262150807,6.33053475420248,0.972619473934174,-0.166915067192606,8.28551259680164,0.998676300048828,8.5917594650569,-3.31334799260663,-0.708637654781342,inf
1658150702,24,5.51315227781869,4.90938394478165,48.6454643288,0.399951195044012,0.006667307131832,-2.92132094172146,-6.83926903258963,-0.060719542205334,6.98815759068639,-5.02691669768759,0.586234867572784,7.85265598271024,6.44215100200042,0.979083180427551,-0.339726167273958,8.30191643767037,0.999020576477051,8.58927277397711,-3.68799914211054,-0.709878206253052,inf
1658150704,24,5.56600992226161,4.96943502587608,48.645313972,0.400010606817957,-0.00077980501171,-2.62926168448443,-6.87493158919248,-0.060676135122776,7.0617745835031,-4.80538518934061,0.584341704845428,7.60205819144892,6.5419012317513,0.983911991119385,-0.513576936680621,8.31585359148149,0.999300003051758,8.58567393327181,-4.06382977070534,-0.710911512374878,inf
1658150706,24,5.62314866207265,5.03437140698144,48.726961133,0.360750706466817,1.542756495276,-2.33879272686481,-6.91029097745583,-0.060412678867579,7.13617878903378,-4.58475618603721,0.582581102848053,7.34705118777546,6.62978440216356,0.987699687480926,-0.687954853286621,8.32781556245834,0.999476969242096,8.58086733887835,-4.44044101678552,-0.71207857131958,2.2204258441925
1658150708,24,5.66528711728096,5.0826204789566,49.0478776686,0.338265787514036,3.84114411822187,-2.0497234420817,-6.94527714520408,-0.060019835829735,7.21129304079207,-4.36502392277562,0.581011831760407,7.08845934775782,6.70649037522937,0.990781307220459,-0.862375691895924,8.33831951738086,0.99958723783493,8.574754181209,-4.81752752766289,-0.71330976486206,1.66323399543762
1658150711,24,5.70595272553099,5.13023885757313,50.0469593389,0.283191717416642,7.44595183164118,-1.76192832492164,-6.97984888221799,-0.059546332806349,7.28692329821289,-4.14591800860404,0.580091059207916,6.82701590178521,6.77284421069001,0.99317991733551,-1.03644956617575,8.3478001539339,0.999653398990631,8.56729930799969,-5.19488856291298,-0.714551091194153,1.58126878738403
1658150713,25,5.73643991123938,5.16754334636377,51.2717685477,0.184383416765987,0.601426236729489,-1.47532415123301,-7.01398685064242,-0.059036824852228,7.36272044334205,-3.9266985236624,0.580471336841583,6.56341343128192,6.83001392160472,0.994959771633148,-1.20986706976969,8.35663167628555,0.99968808889389,8.55852117822585,-5.57239258421326,-0.715755343437195,inf
1658150715,25,5.7465319238755,5.18013293707618,51.3002894789,0.001395268580362,0.027619582833925,-1.18927331312216,-7.04791310637229,-0.059052791446447,7.43755378434552,-3.70514951429633,0.58557391166687,6.29838356054317,6.87959818282389,0.996155500411987,-1.38262976905184,8.36505448562071,0.999714553356171,8.5498168910313,-5.78663851439263,-0.73138153553009,inf
1658150717,25,5.74672103228798,5.18036883736373,51.2635183327,0.017055507243002,-2.18968011977237,-0.902213871951234,-7.08225473776633,-0.059946097433567,7.51007778542312,-3.47944913349022,0.591051816940308,6.0324566984352,6.923612644532,0.996910214424133,-1.55526417117828,8.37302491853965,0.999747216701508,8.54168324526115,-5.79890162100195,0.762023389339447,inf
1658150718,25,5.76223050830792,5.19885215858175,49.0261536202,0.215589045996012,-13.9439849578937,-0.6128293773907,-7.11756642877758,-0.061170972883701,7.58185849489204,-3.25252298042689,0.589871406555176,5.76592121860149,6.96367233048041,0.997394561767578,-1.72829885951847,8.38048002332561,0.999782800674438,8.53180880275668,-5.68144597212136,0.733297526836395,inf
1658150720,25,5.80492856983047,5.24586199998876,46.8098664492,0.394794864247272,-8.51322389442754,-0.320272543534867,-7.15404102386709,-0.062535226345062,7.65526702975954,-3.02872430218767,0.584383726119995,5.49896812719651,7.00099102646463,0.997698366641998,-1.90214413872868,8.38732203325968,0.99982225894928,8.51612298493521,-5.48779934219267,0.73679906129837,inf
1658150723,26,5.8660573728391,5.30910172140283,45.2893620769,0.399880502888194,-1.97697091028349,-0.024018772809436,-7.19185653357758,-0.064052350819111,7.73043956418744,-2.80807866758544,0.580810487270355,5.23170194299643,7.03653734980104,0.997880220413208,-2.0771216628125,8.39348447542792,0.99985945224762,8.49262090878955,-5.25267024434124,0.744799911975861,inf
1658150725,26,5.92235368783185,5.36593373643082,45.2700546972,0.399993040609425,-0.001494966114695,0.275833297692563,-7.23109555507253,-0.06566383689642,7.80714540151123,-2.588443237127,0.577522337436676,4.96414562962093,7.07079307535179,0.998038113117218,-2.2533327445371,8.39899835385864,0.999888300895691,8.46053957146487,-4.99723994486812,0.752957403659821,inf
1658150726,26,5.97302508997473,5.41708467299276,45.2698357672,0.400052363589598,-0.009544984480499,0.57671791596234,-7.27148178309074,-0.067338965833187,7.88628411536865,-2.36838509973327,0.573507368564606,4.69640409944705,7.10362623054129,0.998207211494446,-2.43046431170095,8.40398257237579,0.999908566474915,8.42150645231396,-4.73207096114671,0.759129703044891,inf
1658150728,26,6.02932243371499,5.4739195875076,45.3043813974,0.39994123851077,1.33229148598833,0.877463004460824,-7.31289420895429,-0.069053858518601,7.96835886912146,-2.14727573257882,0.569283008575439,4.42847887770292,7.13492477950644,0.998377680778503,-2.60821435279049,8.40854719318662,0.999922931194305,8.37757868425992,-4.46211241065073,0.76328182220459,inf
1658150731,26,6.09103348967623,5.53665490961915,45.6403082068,0.400057320420988,1.52395790345397,1.1780632857628,-7.35534497402968,-0.070778094232082,8.05343243202367,-1.92485493989931,0.565381526947022,4.1603727041,7.16463327757241,0.998543381690979,-2.78633702987316,8.41278406969362,0.999933063983917,8.33055801309204,-4.18969389727673,0.765748858451843,inf
1658150733,27,6.14124808155694,5.58825331574492,45.9166241815,0.39999669840407,1.50501518047084,1.47851551181085,-7.39883126855929,-0.072490446269512,8.14130165071945,-1.70097640063998,0.562016308307648,3.89209326329577,7.19273410178348,0.998700618743896,-2.96463225069362,8.41676968443573,0.99994021654129,8.2818544079975,-3.91600255932001,0.76693856716156,inf
1658150735,27,6.1967496174308,5.64586854597673,46.2240799245,0.400038727130614,1.52624021535789,1.77879390754279,-7.44350126195296,-0.074735514819622,8.23106046208971,-1.47576154758784,0.560951590538025,3.62368520866044,7.21958168594256,0.99878191947937,-3.14290566198019,8.42076176992364,0.99993234872818,8.23229340771687,-3.64191004628805,0.767782628536224,inf
1658150736,27,6.25744346608156,5.70958797112,46.5620368798,0.400043881479739,1.52742087918486,2.07882910296279,-7.48977550878174,-0.077641367912293,8.32091310525648,-1.24987558017327,0.561913073062897,3.35524744687935,7.24613145462396,0.998778879642487,-3.32093072312286,8.42539210617358,0.999900162220001,8.18208349448853,-3.36826019478379,0.768574476242065,inf
1658150738,27,6.31229289893341,5.76782465464931,46.8692443088,0.400009971599591,1.53911591777439,2.37844598264555,-7.53793972795936,-0.0809670612216,8.40975302177425,-1.02402540209493,0.563811600208283,3.08685028281888,7.27308788642034,0.998720943927765,-3.49851498655504,8.43122118783227,0.999836206436157,8.13142157927017,-3.09554998034509,0.76922219991684,inf
1658150740,27,6.36682871611307,5.8263540447171,47.1765683167,0.400070799119323,1.52834836252871,2.67660057501398,-7.58801443706003,-0.084554947912693,8.49697480572689,-0.798799209401611,0.566142022609711,2.81854166743527,7.30091095281993,0.998624265193939,-3.67550197903184,8.43869694915625,0.999729633331299,8.08050106247579,-2.82406777517649,0.769713580608368,inf
1658150742,28,6.41564274267891,5.87928060317653,47.452901208,0.39999525424399,1.52880854984427,2.97220389405564,-7.63991220279797,-0.088294699788094,8.58224354290065,-0.57464901216344,0.568671941757202,2.55035662142778,7.32990013065014,0.998498558998108,-3.85176461755801,8.44817139083726,0.999568998813629,8.02949118116115,-2.55399024154861,0.77005922794342,inf
1658150744,28,6.47495545213532,5.94428632452943,47.7909864616,0.399958259379662,1.53518872393643,3.26537721470158,-7.69316980295327,-0.090330049395561,8.66567893613999,-0.351791758092145,0.570435285568237,2.28235106167857,7.35994518061897,0.99841582775116,-4.02737192282824,8.45949541000107,0.99943470954895,7.97850627206701,-2.2852030545904,0.7702476978302,inf
1658150746,28,6.52319941948982,5.99773366941345,48.0673876595,0.400031439583337,1.53093006611649,3.55792736770117,-7.74669595564131,-0.090132892131806,8.74789174533809,-0.130058051663765,0.571530401706696,2.01464810468107,7.39033847207866,0.998401820659637,-4.20275440991978,8.47161951910149,0.999397575855255,7.92755466701044,-2.01720432969459,0.770355820655823,inf
1658150748,28,6.57649959347244,6.05739072641634,48.3747103941,0.399987681895197,1.54388841118496,3.85124166121335,-7.79966347630379,-0.088435426354408,8.82919267949342,0.090821501799077,0.572463691234589,1.74734336316051,7.42053864423,0.998434245586395,-4.37830734016642,8.48356814041702,0.999449789524078,7.87661309383416,-1.74966214974541,0.770433247089386,inf
1658150750,28,6.63475979704421,6.12334299571574,48.7125688875,0.399979190958621,1.54414985982671,4.14623521740606,-7.85152031662463,-0.085772030055523,8.90969366102472,0.311109620739957,0.573451280593872,1.48049984882926,7.45018921616072,0.998496234416962,-4.55435276584805,8.49454043339218,0.999564826488495,7.82566501569321,-1.48237176743695,0.770485758781433,inf
1658150752,29,6.68738494066351,6.18359662420208,49.0197492522,0.400016499771283,1.52665075634782,4.44350975700325,-7.9019101686962,-0.082525201141834,8.98941289657422,0.531041268143657,0.574585974216461,1.21415944416861,7.47905875740062,0.998575985431671,-4.73115302880461,8.50388408491132,0.999708831310272,7.77470804736146,-1.21519187383728,0.770506978034973,inf
1658150754,29,6.73447513059768,6.23806522086467,49.2616779602,0.4001531748826,0.19539556332929,4.7429253589551,-7.95077113284944,-0.079771272838116,9.0682151958678,0.75077704681308,0.57620245218277,0.948170676451644,7.50707039039141,0.998654961585998,-4.90886944506929,8.51126686087319,0.999826967716217,7.72403209110146,-0.948234713735596,0.769922494888306,inf
1658150755,29,6.79189557624512,6.30474635445039,49.3125043552,0.399948699844099,1.4299554088709,5.04276112635474,-7.99832210048348,-0.077840991318226,9.14584780454474,0.970317702001622,0.578100442886353,0.682064014666128,7.53432493611243,0.998725891113281,-5.08751999754495,8.51684754589403,0.999906122684479,7.67439999842459,-0.682080895236368,0.768633961677551,inf
1658150757,29,6.84388846444577,6.36554764345903,49.6176211319,0.400023930875992,1.40981912553132,5.34274569493678,-8.04492565975767,-0.076474942266941,9.2221647510206,1.18964009109904,0.580274045467377,0.41549001416838,7.56091306918707,0.99879002571106,-5.26710662785414,8.52081513132288,0.999956369400024,7.62635822553547,-0.417280376138493,0.766914665699005,inf
1658150759,29,6.89052166099627,6.42040721582145,49.635376716,0.39996958247368,0.003526729751351,5.63900046514949,-8.08539985793374,-0.032764527946711,9.29703453041582,1.40875546845201,0.582588195800781,0.148220260601824,7.58690296225015,0.998848557472229,-5.44708870172798,8.52332492952151,0.999985158443451,7.58025413624793,-0.154296464673048,0.764898478984833,inf
1658150761,30,6.94751483564612,6.48745765434241,49.6351623365,0.399987177193051,-0.001076157079391,5.87205671789371,-8.03591884675435,0.202702388167381,9.37043337346902,1.62765945213804,0.584938824176788,-0.119889604871992,7.61235055907571,0.998901307582855,-5.62040126636907,8.51629964852284,0.99822598695755,7.53631759712567,0.10656498049942,0.762663006782532,inf
1658150763,30,6.99932034120762,6.54841421723692,49.6827063812,0.400002956789969,1.41034228558966,6.04525813959731,-7.90286488806514,0.388358801603317,9.44230629411572,1.84628680473292,0.587362110614777,-0.38847740436248,7.63733665790917,0.998937368392944,-5.76910257858377,8.47827249044113,0.985431730747223,7.49437385529631,0.365238045249027,0.761006057262421,inf
1658150765,30,7.04578084260186,6.60341990487227,49.9037181469,0.399955892273596,0.085750260904672,6.17892255185299,-7.71653368533531,0.491927593946457,9.51251482376738,2.06443803141496,0.589976131916046,-0.656985840699385,7.66203697010652,0.998953104019165,-5.89550942439782,8.41350346989363,0.960907280445099,7.45370368670997,0.622114715327514,0.760037958621979,inf
1658150767,30,7.0973021613279,6.66461825186814,49.9414992121,0.399866667997717,1.3600553804475,6.28755966782948,-7.49803168423986,0.54470020532608,9.58094622306532,2.28195861193915,0.592634618282318,-0.924944452378983,7.68662963724431,0.998951077461243,-6.00246484260289,8.32660676175407,0.928691804409027,7.41384639853297,0.877716248087448,0.759383022785187,inf
1658150770,30,7.15374714612225,6.73213540784012,50.2245925026,0.399881627776288,0.02465313240998,6.38102896212156,-7.26105942029161,0.572121381759644,9.64751757439603,2.49874028736802,0.595479249954224,-1.19199915057232,7.71126597051355,0.998935103416443,-6.0922932914062,8.22130941268931,0.893834352493286,7.37455420338952,1.13255314834101,0.758877217769623,inf
1658150772,31,7.19980967143051,6.78747038114608,50.2251147764,0.399931689919342,0.008278784684741,6.46544802348727,-7.01379669556372,0.586985945701599,9.71213667633411,2.71471115223594,0.598388969898224,-1.45799209019617,7.73605338598145,0.998910844326019,-6.16684236435504,8.10064815199962,-0.859881103038788,7.33571364606225,1.38707450152216,0.758351266384125,inf
1658150774,31,7.25099159882217,6.84895558133417,50.2250163207,0.399985789195778,-0.00105577611016,6.54465654717556,-6.76100391356546,0.5946204662323,9.77482674720618,2.93009720356893,0.601503014564514,-1.72273675612117,7.76126551485541,0.998839139938354,-6.22821826232846,7.96720656864481,-0.830986320972443,7.29740315497815,1.64164242802289,0.757545292377472,inf
1658150776,31,7.30216583285051,6.91044306071054,50.2782949913,0.39998658866871,1.43965294274552,6.62135085909369,-6.50547890173559,0.597969651222229,9.83559796477326,3.14572442209084,0.605126917362213,-1.98585078769993,7.78747956813256,0.998714029788971,-6.27950937520688,7.82333456631553,-0.809008359909058,7.25988197313554,1.89634152760888,0.75640195608139,inf
1658150779,31,7.35313196834979,6.97210984462154,50.5375397186,0.399999829892117,0.124795303660045,6.69708129522435,-6.24883773748675,0.599036455154419,9.89426672841347,3.36233174363762,0.609484434127808,-2.24710960100102,7.81500747708027,0.998558163642883,-6.3233527485442,7.67108909927839,-0.793052554130554,7.22336957126595,2.15117664999423,0.755012512207031,inf
1658150781,31,7.40906136491157,7.04005022148652,50.5383913284,0.400027158662386,-0.002684446464408,6.77269419569375,-5.99202206741193,0.598821699619293,9.95058132862293,3.58049495772616,0.614405155181885,-2.50639296399488,7.84394657500208,0.998385548591614,-6.36188497606714,7.51224747358186,-0.781983733177185,7.18808659783846,2.4061877757848,0.75328779220581,inf
1658150783,32,7.45482137949731,7.09563739977711,50.5383251189,0.399955076592739,0.004735046321135,6.84866240486979,-5.73560023136841,0.59789502620697,10.0042916792127,3.80066381319877,0.619898676872253,-2.76362211086853,7.87428785538209,0.998203217983246,-6.39686137875628,7.34831577055796,-0.774797081947327,7.15429126301815,2.6615191028612,0.751208662986755,inf
1658150786,32,7.50565639113759,7.1574070084628,50.6048977117,0.40007037306502,1.47562281327337,6.9250969998079,-5.47995023298682,0.596951186656952,10.0552736956183,4.02316883589978,0.625301003456116,-3.01913999830193,7.90579641941467,0.998074054718018,-6.42948521634482,7.18052388907045,-0.769699990749359,7.12226113151378,2.91743877878053,0.748685121536255,inf
1658150788,32,7.56122305509749,7.22547170409018,50.9197744431,0.396109927641497,0.390619944989991,7.00173920785969,-5.225366313704,0.596299290657043,10.10349896847,4.24824173439777,0.631096124649048,-3.27399502429923,7.93791710003358,0.998018264770508,-6.46021712779697,7.00982800817106,-0.76566469669342,7.09224467054751,3.17433846368291,0.745905220508575,inf
1658150790,32,7.6065714802156,7.28131717622577,50.9223287405,0.400067156495343,-0.01338137590468,7.07836225000264,-4.97203090668246,0.595866620540619,10.1486003045313,4.47609758460625,0.637224555015564,-3.52894739671577,7.9702572263133,0.998010635375977,-6.48940164685893,6.83696709059855,-0.762498617172241,7.0644788371346,3.43252734022379,0.742558240890503,inf
1658150792,32,7.66204091241964,7.34963115061318,50.9524067743,0.399848751462439,1.27205936797346,7.15482225824034,-4.72004522014768,0.595549404621124,10.1902404893116,4.70682407297033,0.644021034240723,-3.7844756581018,8.00258064406592,0.998031735420227,-6.51734911548789,6.66250679921891,-0.76005470752716,7.0394008061091,3.69247079237077,0.738697469234467,inf
1658150794,33,7.70726421587403,7.40565464522847,51.2269375317,0.399969032512359,1.53476542295122,7.23101217951119,-4.46948128599765,0.595375299453735,10.2278114920707,4.94047254911149,0.651674449443817,-4.04087702190284,8.03475334012138,0.998068571090698,-6.54433641466708,6.48687622368417,-0.758214592933655,7.01735171077301,3.95445356257318,0.734417259693146,inf
1658150796,33,7.76234757698749,7.4742857182157,51.250958764,0.399996437045313,-0.001145272778828,7.30669986472116,-4.2201595695085,0.595892250537872,10.2604753316138,5.17645249539039,0.660379886627197,-4.29838351463213,8.0666194822568,0.998135387897491,-6.57047685327224,6.31044379764167,-0.756406545639038,6.99884035206796,4.21877173290896,0.729224920272827,inf
1658150799,33,7.80741303159999,7.53043820152567,51.2510865981,0.399987272681112,0.000129236828045,7.38153224948961,-3.97158958351347,0.597033560276032,10.2875113558406,5.41305705873627,0.669331848621368,-4.55724125828927,8.0979147279483,0.998230814933777,-6.59559259196083,6.13358740769206,-0.754334270954132,6.98467289776565,4.48587946375572,0.723057508468628,inf
1658150801,33,7.85748585026131,7.59282993923778,51.2509496766,0.400030004358065,-0.005320202594311,7.45532984692902,-3.72347600155026,0.598459184169769,10.3087709166974,5.64874585429479,0.678076207637787,-4.81761891528766,8.12845625269234,0.998340845108032,-6.61951269711925,5.95661716306602,-0.752043306827545,6.975574052823,4.75611360917081,0.716028153896332,inf
1658150803,33,7.9125654581168,7.66146019281303,51.2509797267,0.400031284756075,-0.006712744189847,7.52802599712501,-3.47567540127658,0.599990546703339,10.3243447335094,5.88225990342546,0.686546385288239,-5.07962459439067,8.15813538746944,0.998456120491028,-6.64210296651689,5.77978154822027,-0.74956738948822,6.97229245672875,5.02976140446885,0.708081841468811,inf
1658150805,34,7.96263816281158,7.72385166706685,51.2510116171,0.40002558098795,0.003573536643861,7.59960977098725,-3.22812920409834,0.60153728723526,10.3344152397326,6.11254523493325,0.694761753082275,-5.34332727258443,8.18689479026426,0.998570621013641,-6.66325807369707,5.60328139967828,-0.746932983398438,6.9756837272253,5.30709461371077,0.699088513851166,inf
1658150807,34,8.01271070068257,7.78624292509756,51.2509692291,0.400039587137524,-0.004890730766742,7.6700825559987,-2.98105648670411,0.602905094623566,10.3294326462695,6.31255052623842,0.728647887706757,-5.60506015604797,8.21022562852974,0.999959647655487,-6.6831706577383,5.42707941626902,-0.745162725448608,6.98652181003645,5.58810694539188,0.689488589763641,inf
1658150810,34,8.05751665651443,7.84207219175026,51.2527053317,0.385958355067473,0.048282295036686,7.73940031158701,-2.73507439356036,0.604058921337128,10.3242885147609,6.45704446316987,0.709189772605896,-5.80937647387143,8.15654857530039,0.974324762821198,-6.70259938690237,5.25069824847449,-0.744739949703217,7.00540162039831,5.87239381712848,0.679045855998993,inf
1658150812,34,8.10531130725903,7.90162935518415,51.2549900309,0.368026973255642,0.080416280235506,7.80759528795209,-2.49087944543846,0.604886889457703,10.3275311042565,6.56819147888226,0.690661311149597,-5.95885714151031,8.03113588934773,0.913281202316284,-6.72222809422445,5.07358864615941,-0.745349109172821,7.00877864428807,6.05175403990662,0.776944875717163,inf
1658150814,34,8.15053586421859,7.95798882058224,51.2572850959,0.346621887659459,-0.01540445660806,7.87472246148551,-2.24905169578365,0.605314314365387,10.3320402839408,6.66229043581612,0.691326022148132,-6.07160805224211,7.85882065354056,-0.859370350837708,-6.74258647070756,4.89529022818669,-0.746751189231873,6.99382223036964,6.01955260536715,-0.735891044139862,inf
1658150817,35,8.19766458553732,8.01672588780927,51.258845052,0.328170338900957,-0.024001187810371,7.94106162011865,-2.01011316769743,0.604942619800568,10.3347867381346,6.74869656440083,0.698902308940887,-6.15981997647179,7.6560349950937,-0.82320773601532,-6.76393197589648,4.71656059275561,-0.748637199401856,6.99412779766702,5.86922902273532,-0.696070492267608,inf
1658150819,35,8.23435712118719,8.06245943934118,51.2614137625,0.313441558757432,0.047334144089875,8.00743594181263,-1.77434552470943,0.602634906768799,10.3362754335658,6.83161625824423,0.700812339782715,-6.23200391121318,7.43358223314809,-0.800970435142517,-6.7859060112811,4.53790690732355,-0.748915791511535,7.00652008343033,5.64200660695628,-0.683962643146515,inf
1658150821,35,8.27303595189437,8.11067210396817,51.2631443725,0.296686013313163,0.00825855839554,8.07510393029582,-1.54156455580263,0.598689615726471,10.3381404891075,6.91214011782122,0.697103917598724,-6.29444631438548,7.19832862886392,-0.788096904754639,-6.80718355633522,4.35916935204591,-0.746627330780029,7.02678166779635,5.36595312779505,-0.679169297218323,inf
1658150823,35,8.30984699130813,8.15655946583287,51.2648484489,0.28377462931175,0.076497880584054,8.14473128868269,-1.3113427502775,0.5942542552948,10.3410722718281,6.99040382619575,0.691294312477112,-6.35145224059642,6.9548211833918,-0.781176626682282,-6.82651355340894,4.18021169614679,-0.742157995700836,7.05188298648184,5.05949786121898,-0.676811635494232,inf
1658150825,35,8.34792354051515,8.20402781770372,51.2664610282,0.266174883470693,0.021204271068436,8.21645128586117,-1.08310364837364,0.590065181255341,10.3452039402058,7.06637422841657,0.685229480266571,-6.4058964154355,6.7060866894015,-0.778023362159729,-6.84285847136235,4.00097856679356,-0.7358638048172,7.08006906485552,4.73453878239558,-0.675293385982513,inf
1658150827,36,8.3776268009179,8.24105966414509,51.2683263464,0.253336646653412,0.002140003757579,8.29004311408238,-0.856252064068986,0.586700558662415,10.3504440652709,7.14011895892857,0.679156720638275,-6.45967584370325,6.45414584137431,-0.777268469333649,-6.85535114939884,3.8217413353086,-0.728014767169952,7.11049913992309,4.39871683690305,-0.673864543437958,inf
1658150829,36,8.4119784183497,8.2838892232366,51.2693364246,0.239692725365437,-0.003776428222226,8.36491723711574,-0.630295435311658,0.584814488887787,10.3565676446938,7.21187459035174,0.674845695495606,-6.51373323854895,6.2005035081627,-0.777372181415558,-6.86369976990882,3.64263078554739,-0.720483660697937,7.1425220695315,4.05596060914743,-0.673284351825714,inf
1658150831,36,8.43873841893195,8.31725526011148,51.2712144864,0.22825788641132,0.000104899689223,8.44009603677378,-0.404994810800842,0.584642648696899,10.3631734466503,7.28187047698794,0.672026872634888,-6.56803672109595,5.94640186527239,-0.777578175067902,-6.86861200929476,3.46322090775767,-0.714390993118286,7.17520163307544,3.70677809263599,-0.673444271087647,inf
1658150834,36,8.46690046840244,8.35237138656419,51.2717152886,0.215690625633247,-0.090157507494301,8.51460371276799,-0.180363865540259,0.585919916629791,10.3700825427254,7.35036771170388,0.669942796230316,-6.62245886177297,5.69260274841468,-0.777796983718872,-6.87081563669953,3.2833020340744,-0.709605038166046,7.20825075139446,3.35133290492222,-0.673651933670044,inf
1658150835,36,8.49622721443897,8.38894150716071,51.2736351074,0.205095026697055,0.002845344352173,8.58765680834256,0.043358243073087,0.588116705417633,10.3772196730225,7.41763218703247,0.668102145195007,-6.67691119183074,5.43956449413857,-0.778036892414093,-6.87091207875456,3.10330281774922,-0.705883026123047,7.24173714099339,2.98985596949804,-0.673733532428741,inf
1658150838,37,8.51909542869608,8.41745915812868,51.2748452156,0.195035340198757,-0.012091235938438,8.65889396395127,0.265835564667753,0.590397298336029,10.3845586995026,7.48393699461266,0.666524112224579,-6.73134896525038,5.18757325943326,-0.778293669223785,-6.86938884483984,2.92330970260871,-0.703029692173004,7.27561555397861,2.62261190093346,-0.673974812030792,inf
1658150840,37,8.54315206346733,8.44746014348638,51.2760230617,0.184623908179571,-0.005444538184385,8.72869257693211,0.486738206523255,0.59125828742981,10.3920768195312,7.54927413919849,0.664858520030975,-6.78576511375416,4.93656752562509,-0.778491735458374,-6.86660607353425,2.74333150519674,-0.700727760791779,7.31010630354068,2.25012648012372,-0.673360824584961,inf
1658150842,37,8.56599167293079,8.47595275887151,51.3448939057,0.175323630955937,1.46504620788487,8.79797792211278,0.705865482394063,0.590671241283417,10.3997635386461,7.6134229270593,0.663157224655151,-6.84021958675568,4.68605528179063,-0.778660714626312,-6.86275538740395,2.56337292148821,-0.698714673519135,7.34628030779579,1.87386206622703,-0.671694934368133,inf
1658150845,37,8.58754350804335,8.50304463290241,51.6529412997,0.166411334523531,1.52875090422542,8.86732717663783,0.923306592878634,0.589475631713867,10.4075305216614,7.67640116552348,0.662194430828095,-6.89479893053483,4.43567894105683,-0.778861165046692,-6.85794667151993,2.3834373541989,-0.696868538856506,7.38458737638972,1.49732303574063,-0.669421017169952,inf
1658150847,37,8.60760168496896,8.52853796990262,51.9620319148,0.149665207756655,1.51597722969945,8.93698459068415,1.13929160089297,0.588151216506958,10.4152086917167,7.73822940030535,0.662836611270905,-6.94959529770044,4.18520004649947,-0.77911651134491,-6.85223940869408,2.20352802965111,-0.695105075836182,7.42543610352079,1.12105143816805,-0.666781783103943,inf
1658150849,38,8.62601118522136,8.55219324299898,52.1818908288,0.150456100638418,-1.22614060537256,9.00702697858988,1.35411274373675,0.586835980415344,10.4224989101384,7.79875096939393,0.663364708423615,-7.00469599282433,3.93443744496252,-0.779426395893097,-6.84565990518919,2.02364848689792,-0.693368971347809,7.4690780585924,0.745093681460268,-0.663945972919464,inf
1658150851,38,8.64433660223999,8.57567607652235,51.8789787841,0.143014420422283,-1.54356771528375,9.07731904064267,1.56781009537985,0.586114645004272,10.4299034598476,7.85926001890231,0.662798523902893,-7.06025216462329,3.68358359331284,-0.780149579048157,-6.83819809529263,1.84380339572716,-0.691574931144714,7.51504884125682,0.369412946235661,-0.662227272987366,inf
1658150853,38,8.66350912696766,8.59998237411289,51.7102981868,0.13562409870298,1.51513203049519,9.14736165957966,1.78035732936893,0.586180210113525,10.4372482604107,7.92005462128081,0.664099991321564,-7.11647275242117,3.43338439826653,-0.781227231025696,-6.82985712155614,1.66399691527833,-0.68985378742218,7.56182769123979,-0.006168281743959,-0.661950290203095,inf
1658150855,38,8.67997387267069,8.62095197294311,52.0172656215,0.128699648104202,1.56359130186267,9.21676342885131,1.99172135800895,0.586847245693207,10.4442669584939,7.98134573607532,0.667114615440369,-7.1734132786959,3.18425615934238,-0.782389402389526,-6.82072411600311,1.48422888245632,-0.68835860490799,7.60828190518894,-0.381789743037343,-0.662621736526489,inf
1658150857,38,8.69398190897301,8.63898128790691,52.294332905,0.122084277781198,1.52833501562514,9.285231776575,2.20187245791491,0.58793443441391,10.4507234659983,8.04341820160778,0.671514570713043,-7.23102163613231,2.93634624242323,-0.783479750156403,-6.81094187935076,1.30449496205827,-0.687181770801544,7.65366682580787,-0.757541766942482,-0.663914680480957,inf
1658150859,39,8.70868941165887,8.65811170573979,52.6023595248,0.115934386890703,1.53432561771226,9.35256348640723,2.41075537990539,0.589314520359039,10.4564213915771,8.10659008883723,0.677038252353668,-7.2891831896578,2.68965319376244,-0.784407138824463,-6.80068817159247,1.12478728221215,-0.686385095119476,7.69745206028784,-1.13311260107716,-0.665610671043396,inf
1658150862,39,8.7226791565163,8.67651305269246,52.9105201579,0.111918845321934,1.56074896423267,9.41850255328871,2.61829046920049,0.591254413127899,10.4613349489133,8.17099620887394,0.681301832199097,-7.347478478374,2.4435018589308,-0.784114539623261,-6.79017573584649,0.945094525542286,-0.686035096645355,7.73995265307908,-1.50797949588417,-0.666147410869598,inf
1658150864,39,8.73574592157414,8.6938929498056,53.2187597697,0.104436723685275,1.53357358471254,9.48266780698045,2.82435821943457,0.593813359737396,10.4655227556347,8.23629541138146,0.686150014400482,-7.40511488379197,2.19621890616414,-0.782571375370026,-6.77954957651715,0.765408454809877,-0.685839712619782,7.78295493346886,-1.88304047014247,-0.665094792842865,inf
1658150866,39,8.74931328960058,8.71214804767497,53.49251959,0.099146178248954,0.052772758527403,9.54481368942614,3.02879524545978,0.596608102321625,10.4689054016026,8.30240609402124,0.69078141450882,-7.46161751549747,1.94659885136349,-0.780339479446411,-6.76881184687526,0.585729018876423,-0.685577511787415,7.8277658834521,-2.2587579382019,-0.663026869297028,inf
1658150868,39,8.76092818327567,8.72784088772231,53.4942669495,0.094214299640161,0.004839040958449,9.60479547953232,3.23140057702532,0.599607110023499,10.4713377203068,8.36944857685609,0.696714699268341,-7.51672656828507,1.69382678845534,-0.777712881565094,-6.75791033875856,0.406059449411349,-0.685201466083527,7.8750587297776,-2.63427398659066,-0.660347044467926,inf
1658150870,40,8.77087931106784,8.74128642413706,53.4950351274,0.089253494748131,-0.002589505088811,9.66250748747047,3.43200015167564,0.602747857570648,10.4725618259251,8.43759197238857,0.703756868839264,-7.57027458975195,1.43730772237324,-0.774828314781189,-6.74680365111717,0.226402448814401,-0.684772312641144,7.92524052662626,-3.00941472166985,-0.657348155975342,inf
1658150872,40,8.7813881939085,8.75548595298314,53.4957300302,0.084819848045914,-0.013324153755775,9.71796539928912,3.63052618828702,0.605744063854218,10.4721204534184,8.50724862439957,0.713721334934235,-7.62240261105308,1.17748785744831,-0.772853672504425,-6.73554325176665,0.046755007698762,-0.684626162052155,7.97765201736874,-3.38425129467901,-0.655987560749054,inf
1658150875,40,8.791352631094,8.76895011974377,53.4964717664,0.080384070515915,0.022129881918132,9.77132626412455,3.82715032570816,0.608693242073059,10.469183254951,8.57914093065947,0.727026700973511,-7.67360425640491,0.916464229460992,-0.77178430557251,-6.72446319955699,-0.132903605070592,-0.685393452644348,8.03006300352296,-3.7590879669731,-0.656782805919647,inf
1658150877,40,8.80077925129769,8.78168785407484,53.4966379209,0.076465018367244,0.001981798676647,9.82262392051045,4.02206346827263,0.611805200576782,10.4627995135929,8.65393141746653,0.743352890014648,-7.7240261446047,0.655800381966759,-0.771060168743133,-6.71410704732595,-0.312605207031708,-0.687340438365936,8.08077307447347,-4.13415803859292,-0.659022867679596,inf
1658150879,40,8.81062753383471,8.79499556088886,53.4972736737,0.072575085820947,0.00071178251716,9.87182651997069,4.21539058167972,0.615101397037506,10.4518441226023,8.73229288905165,0.762299656867981,-7.77362372051763,0.39655621104379,-0.770437777042389,-6.70507874066569,-0.492335530029076,-0.690499007701874,8.12864583291308,-4.50960024812116,-0.662210166454315,inf
1658150882,41,8.81826688347912,8.80531856455936,53.4976065768,0.06892376606773,0.004471696267669,9.91884878245877,4.40721440609897,0.618701934814453,10.4347677377638,8.81485919174112,0.784463286399841,-7.82230779623995,0.139475548372206,-0.769859433174133,-6.69798548953814,-0.671296361264912,-0.69473785161972,8.17294041803677,-4.88548096073626,-0.665989220142365,inf
1658150884,41,8.82638655501675,8.81629077741905,53.4981649309,0.065469364275206,-7.8989525325722E-05,9.96365735449234,4.59754572876316,0.622260868549347,10.4093358351233,8.9024883408181,0.809957504272461,-7.87006578882038,-0.11568737847493,-0.769055604934692,-6.69327742655647,-0.848735966084917,-0.699684798717499,8.21364966198375,-5.26176741918765,-0.669180929660797,inf
1658150886,41,8.83481262608411,8.82767720253128,53.4984870626,0.062075858494115,0.011526428042456,10.0062644688172,4.78636971545746,0.625984787940979,10.3720125133642,8.99619689260883,0.839398443698883,-7.9169801598198,-0.370663753103611,-0.76798003911972,-6.69115913282025,-1.02518687130205,-0.7049959897995,8.25133327545494,-5.6262648534194,-0.666863203048706,inf
1658150888,41,8.84205380128043,8.83746258720305,53.4987955913,0.058997025949381,-0.005337581472271,10.0465729040155,4.97369998579823,0.630001425743103,10.3179463720735,9.09636572470211,0.871154308319092,-7.96312671128476,-0.626751437084976,-0.766745388507843,-6.69175261761993,-1.20124139475313,-0.710517764091492,8.28038138868164,-5.79298040634915,-0.590351104736328,inf
1658150890,41,8.84896292962974,8.84679936465482,53.4993098248,0.055950220849521,0.012174531840603,10.0844635465046,5.15949504573108,0.634285151958466,10.2413146564728,9.2021819104099,0.90260910987854,-8.0085423800278,-0.884780777747908,-0.765400648117065,-6.69515570508726,-1.37740908779147,-0.716167390346527,8.30173991976469,-5.77456632980999,0.614398419857025,inf
1658150892,42,8.85550479320485,8.85563994581968,53.4994408455,0.053142909779868,0.005833149089465,10.1197901885431,5.3436728049325,0.638954401016235,10.1363413343413,9.31084374559328,0.931093037128448,-8.05322455517153,-1.14527018394939,-0.763967752456665,-6.70146071040905,-1.55413621827732,-0.721891283988953,8.31963990444491,-5.63619268125884,0.669337153434753,inf
1658150894,42,8.86171611458919,8.86403392961202,53.4997363423,0.05045601639635,-0.003227013279583,10.1522405647658,5.52565391314696,0.644230484962463,9.9992217414948,9.41720376146554,0.954644203186035,-8.09663418464092,-1.4083702329407,-0.761268496513367,-6.71058402361737,-1.73165483649984,-0.726962685585022,8.34048444521378,-5.42494297268954,0.671142518520355,inf
1658150896,42,8.8655180664398,8.86917200200501,53.5053648124,-8.55321879991156E-05,-0.004506749541355,10.1809114284861,5.70428216459187,0.653413116931915,9.8296901631646,9.5143209154124,0.973112106323242,-8.13739106026474,-1.67383103310492,-0.757115125656128,-6.72204646574246,-1.90981524234425,-0.73097825050354,8.36769969454631,-5.17164797224105,0.666016221046448,inf
1658150898,42,8.86551868583792,8.86917283926029,53.5056501441,2.99170389792547E-05,0.003988729108499,10.2036644175777,5.88021331379616,0.664002478122711,9.63095646005839,9.59499554420325,0.985830783843994,-8.17446281185136,-1.94098066561379,-0.752055704593658,-6.73535864048286,-2.08846121519752,-0.734084844589233,8.40172877482661,-4.89513368038264,0.66040700674057,0.737993597984314
1658150900,42,8.86551837136499,8.86917241419035,53.5056667946,2.03244863603569E-05,-0.001444595000118,10.2219938104094,6.05126556932884,0.671052753925324,9.40882097631675,9.65644127966888,0.993491053581238,-8.20713994202256,-2.20873842818843,-0.746422588825226,-6.75010402735985,-2.26747958524407,-0.736448109149933,8.44103285046814,-4.60549957085924,0.656388878822327,0.497224092483521
